Tweet_ID,Author_ID,Created_At,Cleaned_Tweet
1875966997160177715,1719601729912668160,2025-01-05 18:06:00+00:00,ev elektroniğinde teknoloji sınıra dayandı dokunmatik ekranlı tvler işe yaramayacak nedenle insanların teknoloji buluşmasını sağlayacak yeni alanlar icat etmeleri gerekiyor
1875966950809243689,1695894590731997184,2025-01-05 18:05:49+00:00,teknoloji acayip bisey oldu
1875966829933596924,1826977982163947520,2025-01-05 18:05:20+00:00,ai tabanlı yeni bir yalan dedektörü mikro yüz hareketlerini ses tonundaki değişiklikleri analiz ederek yüzde doğruluk oranına ulaştı teknoloji hukuk sisteminde yalan tespiti etik tartışmaları beraberinde getirdi
1875966696894374092,1318209107829063682,2025-01-05 18:04:48+00:00,fikirler hazırsa başlıyoruz teknoloji yarışmaları başvurular başladi ana kategori alt kategori son başvuru şubat detaylı bilgi
1875966423522312311,1687814851807113216,2025-01-05 18:03:43+00:00,bizdeki teknoloji
1875966179485057237,1826977982163947520,2025-01-05 18:02:45+00:00,beyin aktivitelerini analiz ederek rüyaları anlamlandıran bir yapay zeka sistemi geliştirildi beyin taramaları ai algoritmaları kullanılarak bir kişinin rüyasında gördüğü nesneler olaylar görselleştirildi teknoloji bilinçaltını anlamada büyük bir adım olabilir
1875965823103426783,1838564767520428036,2025-01-05 18:01:20+00:00,azalma derken milyar kişiden milyona inse bile yaptığı sanayi teknoloji yatırımları sayesinde süper güç olmaya devam eder
1875965637270639072,1366340990265655298,2025-01-05 18:00:36+00:00,harrison fordun sahnelerde gençleştirilmesi genel olarak başarılı belirli sahnelerde sırıttı özellikle şapkalı olduğu yerlerde oyun karakteri gibiydi mimikleri yüzü kadar kullanılan bir teknoloji olmasına rağmen yolu var
1875965575324967001,1826977982163947520,2025-01-05 18:00:21+00:00,meta google yapay zeka modellerine sadece ses kaydıyla yeni bir dili öğrenmeyi öğrettiler teknoloji örneğin avustralya aborjin dilleri yok olmaya yüz tutmuş dillerin korunmasını sağlayabilir
1875965558837174709,1658512938364284930,2025-01-05 18:00:17+00:00,fazla onlar teknoloji yenilikler branşlasmayla durumu kapatıyorlar inşallah günün birinde hastaya hemşire oranına yükseliriz an tam tersi
1875965330939343170,1830493511331774464,2025-01-05 17:59:23+00:00,vestel şarj i̇stasyonlarında yeni bir dönem plugampcharge çalışıyor vestel mobilite elektrikli araç şarj deneyimini kolaylaştıran plugampcharge özelliğini tanıttı kart
1875965150152519858,91962084,2025-01-05 17:58:40+00:00,aşı falan değil kapitalizmin geldiği son nokta budur gıda sağlıksız hava sağlıksız teknoloji zararlı hava kirli şehirler stres yüklü sadece aşıyı görmek istemişsiniz
1875965026168954971,1467330345984999424,2025-01-05 17:58:10+00:00,hayırdır olum bunlarla teknoloji falan paylaşmayın
1875964603055870402,1761389994940198912,2025-01-05 17:56:29+00:00,apple genel olarak son yıldır androidin gerisinde kaldı takip ettiğim birçok teknoloji editörü androide geçiş yaptı geneli s ultraya geçti yapay zeka olarak işlemci olarakda geride kaldı istersen bir düşün samsung uzun yıllar güncelleme garantisi veriyor
1875964247328567392,1635561155857981441,2025-01-05 17:55:04+00:00,liyakat demez misiniz bir tarafta doktoralı kıdemli başarılı bir devlet adamı diğer tarafta laz müteahhit var bir tarfta itü mit mezunu dev bir teknoloji şirketi kuran selçuk diğer tarafta kıbrıstan dümenle yatay geçiş yapıp i̇üni bitiren ekrem var
1875964082236645654,1600201449429925898,2025-01-05 17:54:25+00:00,teknoloji devi samsung sandığımız kadar masum değil teknoloji aletlerinin yanı sıra savaş araçları üretmektedir
1875963889772630178,1600201449429925898,2025-01-05 17:53:39+00:00,teknoloji devi samsung sandığımız kadar masum değil teknoloji aletlerinin yanı sıra savaş araçları üretmektedir
1875963855643594794,1695894590731997184,2025-01-05 17:53:31+00:00,teknoloji ilerledi
1875963770104905740,1725080516074840064,2025-01-05 17:53:11+00:00,uçuşlarda starlink dönemi yüksek hızlı internet testleri başlıyor
1875963539904737682,561377186,2025-01-05 17:52:16+00:00,fransadaki louvre perudaki machu picchu gizadaki büyük piramit kamboçyadaki angkor wat yapıların düzeyde teknoloji inşa edildiği varsayılıyor yüzlerce ton ağırlığındaki taşları baş döndürücü yüksekliklere kaldırırken mükemmel simetri imknsız derecede
1875963537530691731,1825013273659387904,2025-01-05 17:52:15+00:00,dünya değişti mevsimler değişti teknoloji değiştiyıllar değişti sayılı kanunu değişmedi
1875963342264869088,1310675187105497089,2025-01-05 17:51:29+00:00,hocam göremedik agi dediğimiz şuanki tıbbı modern fiziği değiştirebilecek yeteneğe sahip insan zekasında bi botun bütün bilgilere unutmadan erişebilmesini üstünde analiz yapmasını sağlayıp yeni atılımlar yapmasını sağlayacak bir teknoloji henüz yok
1875963131639525619,920590863612362752,2025-01-05 17:50:38+00:00,abdli teknoloji savunma şirketi zenatech türkiyede i̇ha üretmek fabrika kurmaya hazırlanıyor
1875963005370073289,1858906694249484288,2025-01-05 17:50:08+00:00,fenerbahçe hatayspor başarılar dileriz aptera güneş enerjili elektrikli araçlarını sergileyecek devami
1875962949455753300,1862487740966707200,2025-01-05 17:49:55+00:00,dünya değişti mevsimler değişti teknoloji değiştiyıllar değişti sayılı kanunu değişmedi sayın devlet büyüklerimiz çağa uygun kanun istiyoruz mesleki güvence istiyoruz e
1875962905214267617,1862487740966707200,2025-01-05 17:49:44+00:00,dünya değişti mevsimler değişti teknoloji değiştiyıllar değişti sayılı kanunu değişmedi sayın devlet büyüklerimiz çağa uygun kanun istiyoruz mesleki güvence istiyoruz c
1875962881147388056,1862487740966707200,2025-01-05 17:49:39+00:00,dünya değişti mevsimler değişti teknoloji değiştiyıllar değişti sayılı kanunu değişmedi sayın devlet büyüklerimiz çağa uygun kanun istiyoruz mesleki güvence istiyoruz
1875962817968579003,1872190059232845824,2025-01-05 17:49:24+00:00,ileri teknoloji irozlu bztrebilme
1875962782044287193,795694531492671491,2025-01-05 17:49:15+00:00,ilk nede sondakika uzaylilar yakut yeşili lazer işınlı yumurtalar şeklinde sıçıyorlarmış onlardan enerji teknoloji üretilecek ajans
1875962597771784678,1652395925338218496,2025-01-05 17:48:31+00:00,nvidia rtx ces te tanıtılmadan önce özellikleriyle ortaya çıktı
1875962576926110070,1577774777196052480,2025-01-05 17:48:26+00:00,ürünü geliştirirken kullandığınız teknoloji nedir adobe after effect
1875962526464082297,227975513,2025-01-05 17:48:14+00:00,şöyle bir şirket hayal ediyorum büyük olmayacak piyasa değeri m altı olsun önünde kat kat büyüme imkanları olsun ölmez bir sektörde olsun yüksek teknoloji olmasa olur ilerde çin falan pazarı işgal edip boğmasın çevre ülkelerde iş yapma yayılma
1875962504637280551,336648473,2025-01-05 17:48:09+00:00,bilim teknoloji çağında kimya öğretmenleri mağduryıllardır atanamıyoruz haneli rakamlar bizde görmek istiyoruz
1875962357555319002,1645356448275210240,2025-01-05 17:47:34+00:00,abd guamın kritik altyapısını hedef alan bir hack kampanyasını ortaya çıkardı fazla bilgi
1875962308591255944,554487158,2025-01-05 17:47:22+00:00,ben balıkesir edremitte gördüm artık ufo muydu değil miydi bilmiyorum fakat dünya işi bir teknoloji değildi sene olması lazım bir kaç yakınıma anlattım konu kapandı zaten sadece gördüm fotoğraf var elimde başka bir kanıt gördüğümü adım biliyorum
1875962286017552672,586332745,2025-01-05 17:47:17+00:00,ülkemizin teknoloji alanında geldiği ileri düzeye in oluşturduğu ekosistem platformun katkısı büyük onunla yeni bir teknoloji nesli geliyor fikirlerprojeler artık milyonlarla ifade ediliyor yolunuz açık olsun teknoloji tutkunu sevgili gençler
1875962022724243553,1801942951897018368,2025-01-05 17:46:14+00:00,kadar veriyi inceleyecek teknoloji kuruyorlar merak ediyorum evet dinlenilmesine değil analizine taktım gerçekten insanlık çıldırmış
1875961885096559002,621863779,2025-01-05 17:45:41+00:00,nüfus artmış olduğu içinbununla beraber okulhastanepostaneveterine vb kurumların artmış olması nedeniyle olabilir mi haa sen okulahastaneye görderme çocuğunu teknoloji hallet işlerini işe yararsa bizlerde öyle yaparız
1875961672055337011,1530430474304245762,2025-01-05 17:44:50+00:00,dünya değişti mevsimler değişti teknoloji değiştiyıllar değişti sayılı kanunu değişmedi
1875961651062825438,1530430474304245762,2025-01-05 17:44:45+00:00,dünya değişti mevsimler değişti teknoloji değiştiyıllar değişti sayılı kanunu değişmedi
1875961513728729249,1872196271340916736,2025-01-05 17:44:13+00:00,bilinlendirilebilmek telenmek oyabilme ykek teknoloji arena nala mee epez kemikli i treme ancılık kentlemek
1875960704911474713,1830493511331774464,2025-01-05 17:41:00+00:00,röportaj astor şarj i̇stasyonuna ulaştı şarj ağı hedefleri neler astor şarj istasyonunu açarak türkiyedeki elektrikli araç şarj ağını genişletiyor şirketin hedefle
1875960679817261067,1491847859213373447,2025-01-05 17:40:54+00:00,teknoloji duruyor üstad
1875960254997180724,1113778026330972160,2025-01-05 17:39:13+00:00,pazar oldu teknoloji raporu yayınlayacak bekliyoruz kız arkadaşının ağzına parmak atıyor herif yakışmadı
1875960125246108103,841999864288444418,2025-01-05 17:38:42+00:00,teknoloji yarışmaları başvurular başladı son başvuru şubat detaylı bilgi
1875959922720186517,2271763025,2025-01-05 17:37:53+00:00,genç kardeşim güzel fikirlerin özgün projelerinle gel teknoloji yarışmaları başvurular başladı son başvuru şubat detaylı bilgi
1875959850775298355,385004498,2025-01-05 17:37:36+00:00,dünya değişti mevsimler değişti teknoloji değiştiyıllar değişti sayılı kanunu değişmedi sayın devlet büyüklerimiz çağa uygun kanun istiyoruz mesleki güvence istiyoruz
1875959680771772452,1684150955745452032,2025-01-05 17:36:56+00:00,teknofest teknoloji yarışmaları başvuruları başladı
1875959653642703251,1849507791100100608,2025-01-05 17:36:49+00:00,commodore gerçek fullhd hdmi stereo ses desteği sunan yeni kart duyuruldu
1875959594117169568,1865550154436079616,2025-01-05 17:36:35+00:00,astrolojik olayları değişim dönüşüm astrolojik olayları gökyüzünde gerçekleşecek önemli gezegen geçişleri döng
1875970824844575149,1657849840569667584,2025-01-05 18:21:13+00:00,ocakta bizim psikoloji iptal
1875970716161679511,1402394349011361795,2025-01-05 18:20:47+00:00,kral benim psikoloji baya bozulmuş protestoyu protestan okudum sabahtan beri protestanlar alaka diyorum
1875970704874917985,782297574,2025-01-05 18:20:44+00:00,ali koç gidene kadar kimse gelmesin hainlik yapmasın başkanı sezon başı kongre seçti ligin ilk yarısı maç esnasında takımı psikoloji olarak aşağı çekecek yavsaklar stada gelmesin bir dersi olan maç sonu çıksın dışarda bagirsin
1875970579062304903,1720043410805919744,2025-01-05 18:20:14+00:00,hayatın püf noktaları motivasyon kaynakları eğitim tavsiyeleri psikoloji üzerine değerli bilgiler sunuluyor başarı
1875970418827473407,91890286,2025-01-05 18:19:36+00:00,bitk denilen bjk yönetimler altında oynasın şampiyonluğu sonuna kadar kovalar onlara enteresan yerlerde enteresan kararlar çıktıen yakın gs maçı sanchez atılsa vurup dönseler lyon sonrası gs galibiyeti düşmezlerdi kadarfutbolpsikoloji yoksa beyi ayağa hükmetmez
1875970274262397301,1310241680247926787,2025-01-05 18:19:01+00:00,yarin psikoloji sinavimjz var odada herkes duygularindan bahsediyor dncjrjvnkdjf
1875969718835937294,1673822429032902659,2025-01-05 18:16:49+00:00,watchliste aldım psikoloji bozan turden
1875969689693921316,2617905622,2025-01-05 18:16:42+00:00,fenerbahçe hatayspor hatayspor kendi beceriksizliği yüzünden golleri yedi yanlış anlaşılmasın fb nin başarısı yok göllerde talisca üzülüyorum acıyorum gelirse oyuncuda ruh mental psikoloji kalmaz puhahaha
1875969264651497586,1832167837734957056,2025-01-05 18:15:01+00:00,mutlu türküm diyene
1875968762274517146,1568489042819387392,2025-01-05 18:13:01+00:00,ulan futbolcular taraftar bitmiş psikoloji yerlerde sen konuşuyorsun pişkin adamsın yahuymişali k i̇stifa etmeden düzelmez gidişatlig psikolojik olarak bitti bitttttii bunu kafana sok
1875968545747865710,1342420556562509826,2025-01-05 18:12:09+00:00,profesyonel psikoloji egitimi almis olarak soyleyebilirim an kafama sikabilirim
1875968152447938640,3220665749,2025-01-05 18:10:36+00:00,tribünlerde psikoloji olduğu sürece kadıköyde maç zor olacak tribünün psikolojisi sahaya sirayet ediyor futbolcu korkuyor kulağı tribünde kadıköy artık deplasman sayılır
1875967969542725925,1469650692428251142,2025-01-05 18:09:52+00:00,ben futbolcu olsam bende oynayamampsikoloji böyledirdüşünsenize karşınızda öyle bir rakip var skandal kararlarla eninde sonunda yıldır şampiyon yapılıyorsizin emek çöpsiz olsanız kendinizi yırtarmısınızben yırtmamgeçen sene fb puan aldı yine rakip önüne geçirildi
1875967469745283515,1824557297886003201,2025-01-05 18:07:53+00:00,hatta şunu diyeyim fb psikolojik eşiği kaybedene kadar puan kaybettirmezler zaman pskilojik olarak pes eder zaman rakibi puan kaybeder jesusla devam etmişti rakibi kaybetmedi derbide psikoloji yetmedi geçen sene baktılar olmuyor sivas maçı fişi çektiler
1875967335129043307,1259502790919020545,2025-01-05 18:07:21+00:00,psikoloji baraj istiyor yüzden yeni bölümler açılmasını desteklemiyoruz
1875967301075554652,1147057039685935105,2025-01-05 18:07:13+00:00,adamlarda bunca sene sonunda artık psikoloji miskoloji kalmadı normal
1875967241231175781,225404076,2025-01-05 18:06:58+00:00,bide var yöntem belirli bir amaca ulaşmak izlenmesi gereken yol psikoloji hocamız ezberletmişti sağolsun
1875967163020026180,2894923925,2025-01-05 18:06:40+00:00,taraftar yönetim bağının kopması bitmesi üzerine artık oyuncuların psikoloji iyice dağıldı taraftar haklı olarak yönetimi protesto etmeye çalışıyor kaosta adamlar top oynamaya çalışıyor işin özü bitmişiz
1875966987442196631,1683216824425390080,2025-01-05 18:05:58+00:00,yav abisi gelmeyeceği kanaatine vardık gelmeyince senin psikoloji kalmayacak onu merak edeceğimiz kesin
1875966939492930002,2831692503,2025-01-05 18:05:46+00:00,benim anlamadığım fener kazandı tribünde acayip bisey var ıslıkladılar galibiyetten sonra dhkshsjs bunların psikoloji komple vefat
1875966879111717309,1562759345288654848,2025-01-05 18:05:32+00:00,kardeşim boş yapma eşini sokakta döven adamı etkisiz hale getirdim ben burada bana film dizi izlemeyi azalt diyorsun adama hizlı bir sekilde ucan tekme atamiyacak misin adam ayık degil amk psikoloji nereden geliyor oradaki kadın nasil korkusuzca adami tuttu
1875966707959054389,1734645571644706816,2025-01-05 18:04:51+00:00,arkadasim halukarda psikoloji pdrden yuksek sıralamayla alim yapiyor psikolojiye laf soyledigin an kendi bolumunu cok kucuk dusuruyorsun kdgfl
1875966366941061307,1439672164341489669,2025-01-05 18:03:30+00:00,büyüksün galatasaray sezon başı mourınho gelirkenki havaya bak bir sımdıkı havaya denge psıkolojı sey bozulmus d
1875965490868166891,225725540,2025-01-05 18:00:01+00:00,birinin sizi anlaması doğru kelimeleri bulmaya çalışmayın bazen anlamayan sadece anlamak istemiyordur
1875965238014861503,1500492363763957769,2025-01-05 17:59:01+00:00,tesekkur ederim tekrar ozur dilerim valla tytyo yazdim direkt dalga gecmek ostememistim ingilizce psikoloji istiyorumseninnasil gecti
1875964666834571603,3082320471,2025-01-05 17:56:44+00:00,bir kere ben psikoloğa test uygularım dememişim aldığım dersi söylemişim sonrasında zaten bize gelenlere hasta değil danışan deriz olurda psikoloji mezunları formasyon alıp ags ye girip mebe atanmak isterlerse onlara söyle yalandan ders programı hazırlamasınlar
1875964243302117476,1306332114728648705,2025-01-05 17:55:03+00:00,anasını skeyim koyu fenerliyim skimde olmaz şöyle olaylarda bulunmak bir dar alanda birbirine artistlik yapmak nedir psikoloji önemli çoookkkkkkk
1875963706972180624,1471201843279712257,2025-01-05 17:52:56+00:00,psikoloji umarım kazanırız
1875963320907567583,1693559146220531712,2025-01-05 17:51:24+00:00,yakın arkadaşım psikoloji mezunu ona aynı şeyi diyorum başka alanlara yönel istemesen memurluklara başvuru yap atanamasaydom memurluklara başvuru yapardım ben
1875963022352711918,1370435324967587841,2025-01-05 17:50:12+00:00,bi minmer bide fener bana bir psikoloji borçlular
1875962822196441551,1644809812641824768,2025-01-05 17:49:25+00:00,psikoloji bozuldu dengeler şaştı normal değiliz önceden böyle değildik şampiyonluk gelmeden düzelmemiz zor
1875962665484579149,3152151287,2025-01-05 17:48:47+00:00,yanlış sistem doğru adamı yer sadece ali koç seçim kararı açıklansa bile tadic isliklanmazdi psikoloji şeydir
1875962660648571093,621180191,2025-01-05 17:48:46+00:00,yıllık kamu yararı statüsü bulunan psikolog derneğinin düştüğü hale bak psikoloji meslek yasası nedir bana anlatabilir mipsikoloji bir bilimdir psikolog bir meslekbilime meslek kanunu yapacaksınbu neyin kafası yazım hatası diyeceğimkalın kalın yazmış bir
1875961776824860976,1449106378748989445,2025-01-05 17:45:15+00:00,pdr kıymetli bir alan ancak psikoloji yazdığınızdan anlaşıldığı üzere bir alan değil küsür alt alanı olan bir bilimdir pdr esas itibariyle karşılığı okul psikolojisi olan önemli bir uzmanlik alanıdır
1875961291736744005,3247372510,2025-01-05 17:43:20+00:00,dogru hissede kalabilen teknik analiz bilgisi olan hisse karlı olabilir bilmeyen fon istikrarlı azından bugün düştü yarın çıktı uğraşmaz sin duruma göre değişiklik yaparsın bende fonla başlayıp hisselere geçtim psikoloji tarafı zor hisselerde
1875961075449180299,1437863626493288450,2025-01-05 17:42:28+00:00,umarım psikoloji falan istiyosundue sıla
1875960603925422247,1851063151518687232,2025-01-05 17:40:36+00:00,psikoloji der istenmeyen yerden gelen yardım bireyi kötü eder sizi istemeyenin yanında zorla durmayın
1875960476598984850,1734171753125969920,2025-01-05 17:40:05+00:00,volkan gördüğünü idrak edemiyormusun acil tedavi olman lazım göz psikoloji acilinden hemde
1875960025598054716,1545479553816137731,2025-01-05 17:38:18+00:00,bence reel hayat önemli canını sıkan ortamdan kişiden anında uzaklaş sadece sana iyi gelecek şeyler derslerin olsun hayatında mesela sevdiğin bir oyun varsa kalsın hayatında kısıtla bırakma iyi bir psikoloji önemli beni mezun yapan buydu
1875958491451666676,1034917542,2025-01-05 17:32:12+00:00,amma paraya tapanlar dünyaya tapanlar evlatlarına tapanlar şuna buna tapanlara ölüm zor gelir çoğu bir yakınını kaybettiğinde psikoloji ilaçları kullanmaya başlarlar kabul edemezler allaha teslim olamazlar
1875958150974861663,1757938706894254080,2025-01-05 17:30:51+00:00,yönetim fenerbahçenin haklarını savunamıyor fenerbahçe taraftarının performansı kötü staddaki psikoloji takıma inanılmaz zarar veriyor zaman protesto edeceklerini bile bilmiyorlar
1875958083031306257,1861867118653841408,2025-01-05 17:30:35+00:00,ahahaha eksi netle girildiği dillere destan olmuş bir psikoloji içindesiniz
1875958066379989065,1855633596507140096,2025-01-05 17:30:31+00:00,keşke psikoloji okusaydım dedirttin bana
1875956881644294254,1722521201552027648,2025-01-05 17:25:48+00:00,psikoloji pdr arasındaki fark nedir üniversitelerde iki ayrınalan var kadar puan farkı var gençler ilk tercihlere psikoloji yazarken yerleşememe ihtimallerine karşı pdr leri sonlara yazıyorlar
1875956093500956698,1531281287247429633,2025-01-05 17:22:40+00:00,bıraksınki kurala uymayan belli
1875955906107879647,1135828369562656768,2025-01-05 17:21:56+00:00,bunların psikoloji bozulmuş harbiden
1875955811622756681,2623707130,2025-01-05 17:21:33+00:00,bir psikolojisosyoloji tez konusu olarak z kuşağının galatasaray milli takım futbolcusu barış alper yılmaza geliştirdiği takıntı arkadaşlar
1875954905183330660,1868095066910203904,2025-01-05 17:17:57+00:00,psikoloji sıfır
1875954636349428097,1175460856357896195,2025-01-05 17:16:53+00:00,eylülden itibaren psikoloji dersinden sonra terapiye giden kız ben olucam
1875954585262772226,1025959995815481344,2025-01-05 17:16:41+00:00,göz hareketleri yüz mimikleri vücut dili kötü psikolojisinin bozuk olduğu net acilen psikoloji tedavisi göremesi gerekiyor manyak görünüyor davranıyor
1876635320952975721,1687484682,2025-01-07 14:21:41+00:00,sallandıracan iki tanesini bak sonra ekonomi kötü derler mi bir büraniddin hoçam
1876635166728466743,1062548570,2025-01-07 14:21:04+00:00,ultra zengin varlıklarını devlet sayesınde ıkıye katladı orta sınıf yok oldu fakır donsuz dolasıyor sermaye zengınlıgı transfer etmek ıcın olmadık totolarından ekonomı programları uyguluyorlar bunlar türk milletini sevmedi
1876635104010809582,1548956772362326016,2025-01-07 14:20:49+00:00,coca cola ürünlerine zam geliyor
1876635077289128348,2463537926,2025-01-07 14:20:43+00:00,celal bayar önceden ekonomi bakanı başbakan olmasaydı adnan menderes kadar yükselemezdi evet öyle maalesef kimse müneccim değil sonuçta
1876635067059224646,1487481031179612164,2025-01-07 14:20:40+00:00,hayvan olan dedim yarım kafalı apli şunu ye beynin açılır ülkede hukuk ekonomi eğitim yok at gözlüğünü çıkar
1876635019680072048,732294580071202817,2025-01-07 14:20:29+00:00,ceosu ai agentlar bir sonraki multi trilyon dolarlık sektöradventure gold token ekonomi önerisi olan agip oylamanın ocakta başlayacağını duyurdu teklif toplam arzın milyon adet artırılmasını öneriyor
1876634690146500732,1638950914210902016,2025-01-07 14:19:10+00:00,siyasi parti liderlerinin içinde ekonomi eğitimi alan sayılı liderlerdensin şahidin var bilgin var cesaretin var başkan lütfen bunlara biraz ekonomi dersi ver ben ekonomistim diyenler ülkeye ağır bedeller ödetiyor ekonomistim demekle değil eğitimini almakla olduğunu anlatın
1876634688250315042,944698247364403200,2025-01-07 14:19:10+00:00,hak yolunda olanları hakkati ln zah edenleri gasp zapt etmek batılıların küresel düzenbazların ekonomi organizatörlerinin göze alamayacağı aksiyon yapamayacağı var mıdır hakkı tanımayanlar kendilerindenbatılılardan küreselci kravatlı
1876634674774106536,2575334780,2025-01-07 14:19:07+00:00,şahan gökbakar ülkemizde muhalefet olmadığı kötü ekonomi pahalılığın sorumlusu olan iktidar halka pahalılığı boykot önerisinde bulundu
1876634612824162743,931692446,2025-01-07 14:18:52+00:00,çin ekonomi batıyor diyen büyük laf etmiş
1876634581363024372,1450618793764560904,2025-01-07 14:18:45+00:00,ticaret bakanlığı iş dünyası suriyenin geleceğini şekillendirmek amacıyla önemli bir toplantıda bir araya geldi etkinlik ekonomik iş birlikleri kalkınma fırsatları üzerine odaklanarak bölgedeki istikrarı sağlamayı hedefliyor
1876634520243359930,1857500281673576449,2025-01-07 14:18:30+00:00,tarım orman bakanlığı pestisit kalıntı limitlerini yeniledi
1876634509363347599,1327669396777611268,2025-01-07 14:18:27+00:00,müsi̇ad bursadan çözüm odaklı reçete
1876634458675417452,1758896890857267200,2025-01-07 14:18:15+00:00,ekonomi kötü bende katılayım bari aw
1876634423283905017,1875274415530803201,2025-01-07 14:18:07+00:00,türkiye cumhuriyet merkez bankası tcmb başkanı dr fatih karahan ocak cuma günü eskişehirde para politikası makroekonomik görünüm toplantısı düzenleyecek
1876634414559776785,1490591263229370370,2025-01-07 14:18:05+00:00,tek trde ekonomi bozulur sanıyorduk d
1876634367214428584,2575334780,2025-01-07 14:17:53+00:00,şahan gökbakar ülkemizde muhalefet olmadığı kötü ekonomi pahalılığın sorumlusu olan iktidar halka pahalılığı boykot önerisinde bulundu
1876634279255633925,1866093211199975424,2025-01-07 14:17:33+00:00,i̇becim eski ekonomi bakanı dinle anlattı kere sen anlamadıysan anlayış bozukluğu psikolojik danışmanlık hizmeti al
1876634211592884268,1659489426370691072,2025-01-07 14:17:16+00:00,coca cola ürünlerine zam geliyor
1876634033003655488,1478254548,2025-01-07 14:16:34+00:00,derhal özür di̇leyi̇n ekonomi kanalında ekonominin futbolun düşürüldüğü çamuru savunup taraftarları galeyana getirmek görev almış birine yataklık etmek oluyor fbahçe taraftarının gücünü hafife alanları hi̇ç mi̇ hatirlamiyorsunuz
1876634018600345749,1759361005979623424,2025-01-07 14:16:30+00:00,ekonomi düzelmezse olma ihtimalleri var sonra muhafazakrlar ağlamasın başlarına gelecekler
1876633905693880606,1655163485309878274,2025-01-07 14:16:03+00:00,devir ekonomi devri buyu manifestle tekte halledelim
1876633871380623529,1113930630096719872,2025-01-07 14:15:55+00:00,ekonomi kalkınmadan sorumlu genel başkan yardımcımız sayın bartu soral türk milletinin akaryakıta getirilen ötv zamları üzerinden soyulduğuna dair açıklamalarda bulundu
1876633841148076096,1818156793383596033,2025-01-07 14:15:48+00:00,kavşağın geç nisan ayı sonunda tamamlanmasının hedeflendiği ileri sürüldü
1876633739088027732,720343204,2025-01-07 14:15:24+00:00,devlet artık sorgudan para alacak aracılığıyla
1876633691704754228,141232292,2025-01-07 14:15:12+00:00,türkakım üzerinden yılda milyar metreküp gaz taşındı
1876633639179702624,702978420,2025-01-07 14:15:00+00:00,ibanla para gönderenler dikkat eft ücretlerine enflasyon zammı geldi
1876633573865689585,1553363378608939008,2025-01-07 14:14:44+00:00,arkadaş bizim ülkemizde şeyi ital edersen enflasyon düşmez biranda değer kazanmaz ülke olarak dışa bağlasın bizim ülke olarak önce ziraat sonra sanaiye önem vermemiz lazım bunları başaramazsan ekonomi düzelmez
1876633560506892392,176583338,2025-01-07 14:14:41+00:00,sürücüler dikkat motorine zam geliyor
1876633553137447388,1864868232227635200,2025-01-07 14:14:39+00:00,sayın vekilim terörist başı meselesini halka sorsanız referanduma gidilmesi iyi olmaz i̇ktidarın suni gündemlerinle ülkenin asıl meselelerinden bir hayli uzaklaşıldı ekonomi geçim emekli çalışan memurun meseleleri su üstünde kaldı
1876633536750600581,238658160,2025-01-07 14:14:35+00:00,kosgeb kobi̇lerin verimlilik dayanıklılık üretim pazar büyüklüğü kurumsal kapasitelerini arttırmaları şer milyon tl destek verecek
1876633522896851280,4545776896,2025-01-07 14:14:32+00:00,birisi ekonomi okuduk dedi boş boş konuştuğu belli oldu
1876633388964012392,120840897,2025-01-07 14:14:00+00:00,ün hasılat yapan filmleri belli oldu i̇şte liste
1876633166292873389,1455199408555970565,2025-01-07 14:13:07+00:00,ülkenin gündemi mülteci sorunu milli guvenlik ekonomi halkın geçim derdi adalet eğitim olması gerekirken şuan gündem kamera şakası
1876633037016039735,1450618793764560904,2025-01-07 14:12:36+00:00,abdde tatil döneminde mobil alışverişin patlaması dikkat çekti çevrimiçi satışların yüzde artması tüketicilerin alışveriş alışkanlıklarındaki değişimi dijital platformların önemini gözler önüne seriyor
1876632961048838311,1779194652672884736,2025-01-07 14:12:18+00:00,ülke islamcıların elinde gayet normal kariyerini sikiyim ayrıca gören dünyanın liyakatlı ülkesi sanacak burayı yönettiği ekonomi orta aq vergilerle ayakta kalan kıçı kırık bir ekonomi
1876632682169528460,1685357031287320577,2025-01-07 14:11:12+00:00,ortak olsa ev satın alın diyen mert başarandan dikkat çeken öneri mümkün olduğunca borç alın
1876632591497089420,1834496051874504704,2025-01-07 14:10:50+00:00,firavun adaleti düşük emekli maaşı bin tl oldu
1876632590075166751,45692265,2025-01-07 14:10:50+00:00,bir zamanlar alım gücü bir vardı şimdi sadece hayatta kalma mücadelesi kaldı maaşlar fiyatlara yetişemiyor zamlar sabaha uyanmayı korkulu rüya yaptı ekonomi büyüyor dediler cebimiz küçüldü
1876632530180562974,767281384775905280,2025-01-07 14:10:35+00:00,bir chpli olarak sayın özgür özelin bir an önce genel başkanlığı bırakmalı yada olağanüstü kurultay bıraktırılmalı bebek katilini dışarıya çıkarma girişimleri had safhada iken emekli asgari ücretli açlığın pençesinde iken ekonomi iflas etmiş iken bile partiyiz acı
1876632390686126488,1605330430017806379,2025-01-07 14:10:02+00:00,seçimlerinde chpye milliyetçiliği temel esas olarak gördü demek körlük olur ancak baykal ecevitbahçelibabacanın toplamının ortalamasında bir milliyetçi zekaya sahipti ekonomisosyal düzenkurum eksenlerinde planlamaları açıktı fakat boş
1876632380720513515,982593980,2025-01-07 14:10:00+00:00,polonez işçilerinden zafer halayı gün sonra direnişleri sona erdi
1876632372403429477,1619064182862712833,2025-01-07 14:09:58+00:00,vallahi koronada bin esnaf kredisi bize çıkmaz diyip ana avrat hükümete söven arkadaş para çıkınca gidip altın aldıbizi zaten batırıp bitirmişlerde ekonomi kira gıda kendi ahlaksızlığımıza kılıf arıyoruz
1876632339704320019,1873349810063101952,2025-01-07 14:09:50+00:00,büyük değişim enerjisi var ekonomi seçim iktidar bir şekilde dönüşebilir kartlar sabırlı olun süreç sancılı güzel şeyler geliyor kulağımıza fısıldıyor zaman şeyin ilacı olacak
1876632334491066618,1672538254632157188,2025-01-07 14:09:49+00:00,şahan gökbakar ülkemizde muhalefet olmadığı kötü ekonomi pahalılığın sorumlusu olan iktidar halka pahalılığı boykot önerisinde bulundu
1876632184385044654,1866202339608002560,2025-01-07 14:09:13+00:00,kimse adaylığı kazanmak yeterli oy almadı
1876632145248272757,1729887123455823872,2025-01-07 14:09:04+00:00,ak partinin halk gözünde değerini yitirmesinin büyük nedenleri yolsuzluklar yanlış ekonomi politikaları ekonomiyi çökertip faturasını halka yüklemeleri israfın dibine vurmalarıtopluma örnek olamamalarıgörgüsüzlükşatafatkibiriki yüzlülük ahlaksızlık
1876632096048844859,1548956772362326016,2025-01-07 14:08:52+00:00,müsiad bursadan geleceğe rehberlik eden ekonomi raporu
1876632081910132922,1548956772362326016,2025-01-07 14:08:49+00:00,gıdada anlamsız zamlar son bulmalı
1876632048968097902,294188682,2025-01-07 14:08:41+00:00,eskişehirde esnaf vatandaş kan ağlıyor
1876640008494583816,435609441,2025-01-07 14:40:18+00:00,x bir hizmetle ilgili geri bildirimler genellikle pahalı olunca çözüm olarak psikoloji bilimini konuşturmuşlar önce şişirilmiş ücret söyleniyor fiyata mecburen razı olan bünyeye sonra indirimli fiyat söyleniyor böylece müşteride
1876639144920920381,1714287209887809536,2025-01-07 14:36:53+00:00,uyku maddesi ilgincime gitti ilacı bayağı merak ettim şimdiye kadar kullandığım hiçbir psikoloji ilacı farklı ilaç alarm saatinde uyanmamı sağlamadı
1876638986934071464,527841546,2025-01-07 14:36:15+00:00,sevgili yalaka trol ekonomi sadece para işi değil aynı zamanda psikoloji işidir bunu bilmeyen ekonomiden bahsetmesin sana tersini anlatayım japonyanın enflasyonu var enflasyona ihtiyacı var ancak halkı hala enflasyon olduğuna inanmıyor harcamaları artıyor
1876638178808877465,756281954849460224,2025-01-07 14:33:02+00:00,astropsikoloji venüs balık geçişine psikolojik astroloji perspektifinden baktığımızda sevgilinin idealize edildiğini görürüz freud bunu ideal benlik in yansıtılması olarak açıklamıştır birey üstün gördüğü özellik değerleri sevdiğine yansıtıp özelliklerin onda
1876638105832243552,948249698258903040,2025-01-07 14:32:45+00:00,pozitif psikoloji istismara uğrayan kişiye maruz kaldığı kötülükten ayrışmayı öğretiyor bununla kötülüğün etkilerini karşıya bırakmayı kötünün kurduğu köprüleri yıkmayı sağlıyor
1876637538703888803,1387730335409057795,2025-01-07 14:30:30+00:00,felsefe tasavvuf tarih psikoloji tiyatro
1876637370294125046,782494124305940480,2025-01-07 14:29:49+00:00,guzel got zaman ondedir psikoloji duzelir bi sekilde np
1876635840581181566,95181650,2025-01-07 14:23:45+00:00,kolay vazgeçme
1876634670743327204,2512012591,2025-01-07 14:19:06+00:00,şimdi sizinle ilginç bir kıyaslama paylaşacağım psikoloji alanındaki terapi beceri eğitimlerini yurtdışından online olarak hatta doğrudan akredite olacak şekilde alabileceğiniz linkler ekleyeceğim buraya i̇lk olarak gottman çift terapisi düzey eğitimi trde
1876634613268824493,1497914266359324672,2025-01-07 14:18:52+00:00,markaların bizim temin ettiği son ugc videonun tanes işimize yaramadı influencerlar kendi anlatımı tarzı olarak ifade ettiği videolardaki anlatımı pazarlama içeriyor psikoloji kendilerine yönlendirme metin verince bana işimizi mi öğretiynuz
1876634272939016358,1772270661529964546,2025-01-07 14:17:31+00:00,şimdi size bir önericem geleneksel tıp psikoloji teorilerinde özellikle islam tıbbında yunan tıbbında humoral patoloji demevi safravi balgami sovdavi mizaçlar bulunuyor mizaçlar insan vücudundaki dört temel sıvının kan sarı safra balgam kara safra
1876633352490631334,1822774211422904320,2025-01-07 14:13:52+00:00,klinik psikoloji masterı yapmadıysan dünyada ruh sağlığı çalışanı sayılmıyorsun hatta ülkelerde doktora şartı var özel eğitim özel öğretim kurumları arasındaki farkı anlayamadığın eğitim alanı psikolojik danışmanlığın ilişkisini anlayamıyorsun
1876632792638832901,1745765928707440640,2025-01-07 14:11:38+00:00,psikoloji okuyan sarışın bıcır bir manita bulup yolumuza bakmak lazım hayat böyle çekilmiyor
1876632715459748290,1854517557493178368,2025-01-07 14:11:20+00:00,değişik psikoloji
1876630979000856605,1746212380437073920,2025-01-07 14:04:26+00:00,hareketlere psikoloji dayanmaz hocam i̇şimiz zor
1876630630278090934,1636312061184471042,2025-01-07 14:03:03+00:00,psikoloji okurken sınavları klasik yapıp yorumlarınız bizim değerli diyen hocalarımız bize düşük not verip değersiz hissettiyor bunu hissettiren hocaların allah belasını versin
1876629815383703789,1098249600,2025-01-07 13:59:48+00:00,al sana psikolojimadem herşeyden hikmet çıkarmayı seviyor psikolojiye pek düşkünlük gösteriyorsunuz alın size hikmet
1876628936953610656,1699070644577869824,2025-01-07 13:56:19+00:00,ben vakıf üniversitesinde milyon sıralamayla psikoloji okuyanlardan değilim ruh sağlığı alanıyla ilgili muhattabım bir eğitimci olmamalı olmayacak
1876628415845183740,412125219,2025-01-07 13:54:15+00:00,getti hocam psikoloji miskoloji kalmadı
1876627636849713510,1873993828471873536,2025-01-07 13:51:09+00:00,ali babacanın düşünceleri psikoloji bozar onun yaptıklarıyla söyledikleri bir değil
1876627546730594455,1876622587033427968,2025-01-07 13:50:47+00:00,kitaplarımı ye satıyorum i̇stanbul dayım psikoloji sınıfım yurdum beyazıt tarafında yeni bir işe başladım yol ücreti kullanmam gerekiyor param kalmadı birisini henüz okumadım bile asla yıpranma yok satabilmem rt yaparak destek olur musunuz
1876627488157159738,1494379755159887876,2025-01-07 13:50:33+00:00,psikoloji ilgi duyduğum bir alandı keyifliydi okumak indirgemeci influencer pisikoloklardan öyle sıkıldım şeyin altı öyle boşaldıı itici bir alana dönüştü sosyal bilim olma niteliği yitti bunu böyle yapıyorsanız şöyledir diyor şöyle olabilir demiyor bak
1876626786639073353,1348235479725056001,2025-01-07 13:47:46+00:00,evliyim yalanını milyonlarca kişiye hitap ettiğinden sözde müslüman ülkede linç yememek adına söylemiş söylemese iyiymiş onunda hatalarından düşün bide psikoloji bölümüne başlayıp mezun bile olmadan psikoloğum zenginim siyerek tanıtıyorsun kendini yazık
1876626553523859932,1460350091399729161,2025-01-07 13:46:51+00:00,çocuklara ölüm kavramını anlatmak gerekiyor psikolojik danışman eda kahraman şenyurt konu hakkında bilgilendiriyor
1876625372198142151,3226867683,2025-01-07 13:42:09+00:00,eğlence mi milletin seks hayatı eğlence olabiliyor ilginç gerçekten üzerine psikoloji tezi yazılır konunun
1876624845691379729,1335500562138353666,2025-01-07 13:40:03+00:00,aynen öyle yazin abone olmayın yazın abone gelir bizim insanımız ters psikoloji manyağı
1876624254298718298,1777180049642250240,2025-01-07 13:37:42+00:00,ben hukuku seviyorum zorlansam hukuk seçmeseydim düşünmedim düşünseydim başka alternatifimin olduğunu düşünmüyorum sözel işliyor kafam sayısalda yapamazdım psikoloji vs bana uymazdı
1876622963241537648,1018264244423446528,2025-01-07 13:32:35+00:00,klinik psikoloji yüksek lisansı yapan var peki yok
1876622315221659667,1520445745693966337,2025-01-07 13:30:00+00:00,psikoloji bozar
1876621255375548769,1390382776831070212,2025-01-07 13:25:47+00:00,aralar psikoloji olarak iyi değiller şaşırdılar iyice
1876620577731236351,1874499252854124544,2025-01-07 13:23:06+00:00,psikoloji insan ruhunun dilidir
1876619934308196821,1325818421053972481,2025-01-07 13:20:32+00:00,psikoloji satranç dans bilim kitap mühendislik sayayım aşko sen çevreni biraz değiştir istersen
1876619243867033993,781207312421810176,2025-01-07 13:17:48+00:00,önce yolda kendi kendime konuşabilmek telefonla konuşuyormuş yaptımbenim psikoloji nanayyy
1876619101566595147,1583826515749478400,2025-01-07 13:17:14+00:00,sanatpsikolojifelsefebilimedebiyatsanatgüvercin ticareti saymamı ister misin
1876618850348741033,1623740110465294338,2025-01-07 13:16:14+00:00,dakikalık video izliyor adam tek bir yorum yapmıyor sadece galatasaray diyor gerçekten bambaşka bir psikoloji sorarsan adalet istiyorlar kodumun fenerbahçesi
1876618701904252975,796773564410187776,2025-01-07 13:15:39+00:00,körün hesabı borsanın götüne dokunan borsaya göt diyor kuyruğuna dokunan borsa kuyruktur diyor hortumuna dokunan borsa hortumdur diyor
1876618459619930486,1817848144916250624,2025-01-07 13:14:41+00:00,valla burayı kapamama kaldı gerçekten psikoloji kalmadı
1876618187900600546,1763878947953967104,2025-01-07 13:13:36+00:00,sapıklık cinsiyet değil psikoloji alakalı bir konu ayıpladığımız herşeyi bir cinsiyete hayvana muhalefete falan yükleyip kurtulma çabası
1876616875259666553,1838461101610086400,2025-01-07 13:08:23+00:00,demek sizde psikoloji meslektaşımızın suçlarına göz yumma sonuçta aynı meslegi yapıyoruz deyip türlü rüşvet suçuna göz yummak bir hainlik vatandaş bir suçunda dayak işkenceyi yapıp meslektaş olunca görmez den gelmek devlete millete ihanettir kahpeliktir net
1876616553401040977,1547287376686419971,2025-01-07 13:07:06+00:00,i̇nşallah sağlık ataması hakkında bir gelişme olur yorulduk atanma olacak beklemekten psikoloji kalmadı
1876615908820468195,1012164072215900160,2025-01-07 13:04:33+00:00,grok bizi tanıyormuş psikolojik bakış psikoloji insan davranışları üzerine derinlemesine düşünceler sunuyor psikolojik konulara olan ilginiz özellikle jungun paradokslarına dikkat çeken yaklaşımınız alanlarda geniş bir bilgiye sahip olduğunuzu gösteriyor
1876615806231970196,1012164072215900160,2025-01-07 13:04:08+00:00,grok bizi tanıyormuş psikolojik bakış psikoloji insan davranışları üzerine derinlemesine düşünceler sunuyor psikolojik konulara olan ilginiz özellikle jungun paradokslarına dikkat çeken yaklaşımınız alanlarda geniş bir bilgiye sahip olduğunuzu gösteriyor
1876615595300475141,419084520,2025-01-07 13:03:18+00:00,tarım işi ordan gözüküyor bilmiyorum tahmin edilenden zor getirisi zorlukta bir işe göre yüksek dükkan işletmek taş psikoloji ister dükkanı hafta boyunca gün açıp kapıdan bir kişi bile girmediği zaman içeri doğru sıçmaya
1876615567093956841,1751271600077373440,2025-01-07 13:03:11+00:00,benim psikoloji yerlerde
1876614963340403150,120076978,2025-01-07 13:00:47+00:00,nasılsa orada değeri bilinmeyen sey bir gün yok olur
1876614863079747687,1651180215379394561,2025-01-07 13:00:23+00:00,mutsuzluk kadınların yüzünü susuz kalmış çiçekler önce sonra doldurur nihayetinde kurutur kalk yeri̇ne yat şermi̇n yaşar şermin yaşar etkisinden çıkamıyorum belkide psikoloji sevdiğim içindir
1876610802737942709,1824472182107648000,2025-01-07 12:44:15+00:00,paranı kaybettiğinde hiçbir yitirmemiş olursun sağlığını kaybettiğinde bir şeyler yitirmiş olursun ancak karakterini kaybettiğinde şeyini yirirmiş sayılırsın
1876610540480692656,1668773142209200130,2025-01-07 12:43:13+00:00,çalıkuşu kitabından defalarca altı çizilecek bir cümle bana hak etmediğim şekilde davranan herkesle kafamda vedalaşıp bir bana ulaşamayacakları yerlerde bıraktım
1876609637710991674,1129393233124102144,2025-01-07 12:39:38+00:00,zeki demirkubuz psikoloji dans ediyor
1876609488922259631,1710652127058538496,2025-01-07 12:39:02+00:00,hafif yukarı çıkınca hepiniz boğa dersiniz bir saldırıda komplonun ağa babasını yazarsınız amk bir psikoloji yapmışlar oğlum sizlere
