Cleaned_Tweet,Label
ev elektroniğinde teknoloji sınıra dayandı dokunmatik ekranlı tvler işe yaramayacak nedenle insanların teknoloji buluşmasını sağlayacak yeni alanlar icat etmeleri gerekiyor,yazilimci
teknoloji acayip bisey oldu,yazilimci
ai tabanlı yeni bir yalan dedektörü mikro yüz hareketlerini ses tonundaki değişiklikleri analiz ederek yüzde doğruluk oranına ulaştı teknoloji hukuk sisteminde yalan tespiti etik tartışmaları beraberinde getirdi,yazilimci
fikirler hazırsa başlıyoruz teknoloji yarışmaları başvurular başladi ana kategori alt kategori son başvuru şubat detaylı bilgi,yazilimci
bizdeki teknoloji,yazilimci
beyin aktivitelerini analiz ederek rüyaları anlamlandıran bir yapay zeka sistemi geliştirildi beyin taramaları ai algoritmaları kullanılarak bir kişinin rüyasında gördüğü nesneler olaylar görselleştirildi teknoloji bilinçaltını anlamada büyük bir adım olabilir,yazilimci
azalma derken milyar kişiden milyona inse bile yaptığı sanayi teknoloji yatırımları sayesinde süper güç olmaya devam eder,ziraatmuhendisi
harrison fordun sahnelerde gençleştirilmesi genel olarak başarılı belirli sahnelerde sırıttı özellikle şapkalı olduğu yerlerde oyun karakteri gibiydi mimikleri yüzü kadar kullanılan bir teknoloji olmasına rağmen yolu var,yazilimci
meta google yapay zeka modellerine sadece ses kaydıyla yeni bir dili öğrenmeyi öğrettiler teknoloji örneğin avustralya aborjin dilleri yok olmaya yüz tutmuş dillerin korunmasını sağlayabilir,yazilimci
fazla onlar teknoloji yenilikler branşlasmayla durumu kapatıyorlar inşallah günün birinde hastaya hemşire oranına yükseliriz an tam tersi,yazilimci
vestel şarj i̇stasyonlarında yeni bir dönem plugampcharge çalışıyor vestel mobilite elektrikli araç şarj deneyimini kolaylaştıran plugampcharge özelliğini tanıttı kart,doktor
aşı falan değil kapitalizmin geldiği son nokta budur gıda sağlıksız hava sağlıksız teknoloji zararlı hava kirli şehirler stres yüklü sadece aşıyı görmek istemişsiniz,diyetisyen
hayırdır olum bunlarla teknoloji falan paylaşmayın,yazilimci
apple genel olarak son yıldır androidin gerisinde kaldı takip ettiğim birçok teknoloji editörü androide geçiş yaptı geneli s ultraya geçti yapay zeka olarak işlemci olarakda geride kaldı istersen bir düşün samsung uzun yıllar güncelleme garantisi veriyor,yazilimci
liyakat demez misiniz bir tarafta doktoralı kıdemli başarılı bir devlet adamı diğer tarafta laz müteahhit var bir tarfta itü mit mezunu dev bir teknoloji şirketi kuran selçuk diğer tarafta kıbrıstan dümenle yatay geçiş yapıp i̇üni bitiren ekrem var,yazilimci
teknoloji devi samsung sandığımız kadar masum değil teknoloji aletlerinin yanı sıra savaş araçları üretmektedir,yazilimci
teknoloji devi samsung sandığımız kadar masum değil teknoloji aletlerinin yanı sıra savaş araçları üretmektedir,yazilimci
teknoloji ilerledi,yazilimci
uçuşlarda starlink dönemi yüksek hızlı internet testleri başlıyor,yazilimci
fransadaki louvre perudaki machu picchu gizadaki büyük piramit kamboçyadaki angkor wat yapıların düzeyde teknoloji inşa edildiği varsayılıyor yüzlerce ton ağırlığındaki taşları baş döndürücü yüksekliklere kaldırırken mükemmel simetri imknsız derecede,tarihci
dünya değişti mevsimler değişti teknoloji değiştiyıllar değişti sayılı kanunu değişmedi,avukat
hocam göremedik agi dediğimiz şuanki tıbbı modern fiziği değiştirebilecek yeteneğe sahip insan zekasında bi botun bütün bilgilere unutmadan erişebilmesini üstünde analiz yapmasını sağlayıp yeni atılımlar yapmasını sağlayacak bir teknoloji henüz yok,ziraatmuhendisi
abdli teknoloji savunma şirketi zenatech türkiyede i̇ha üretmek fabrika kurmaya hazırlanıyor,yazilimci
fenerbahçe hatayspor başarılar dileriz aptera güneş enerjili elektrikli araçlarını sergileyecek devami,sporyorumcusu
dünya değişti mevsimler değişti teknoloji değiştiyıllar değişti sayılı kanunu değişmedi sayın devlet büyüklerimiz çağa uygun kanun istiyoruz mesleki güvence istiyoruz e,avukat
dünya değişti mevsimler değişti teknoloji değiştiyıllar değişti sayılı kanunu değişmedi sayın devlet büyüklerimiz çağa uygun kanun istiyoruz mesleki güvence istiyoruz c,avukat
dünya değişti mevsimler değişti teknoloji değiştiyıllar değişti sayılı kanunu değişmedi sayın devlet büyüklerimiz çağa uygun kanun istiyoruz mesleki güvence istiyoruz,avukat
ileri teknoloji irozlu bztrebilme,yazilimci
ilk nede sondakika uzaylilar yakut yeşili lazer işınlı yumurtalar şeklinde sıçıyorlarmış onlardan enerji teknoloji üretilecek ajans,diyetisyen
nvidia rtx ces te tanıtılmadan önce özellikleriyle ortaya çıktı,yazilimci
ürünü geliştirirken kullandığınız teknoloji nedir adobe after effect,yazilimci
şöyle bir şirket hayal ediyorum büyük olmayacak piyasa değeri m altı olsun önünde kat kat büyüme imkanları olsun ölmez bir sektörde olsun yüksek teknoloji olmasa olur ilerde çin falan pazarı işgal edip boğmasın çevre ülkelerde iş yapma yayılma,yazilimci
bilim teknoloji çağında kimya öğretmenleri mağduryıllardır atanamıyoruz haneli rakamlar bizde görmek istiyoruz,ogretmen
abd guamın kritik altyapısını hedef alan bir hack kampanyasını ortaya çıkardı fazla bilgi,yazilimci
ben balıkesir edremitte gördüm artık ufo muydu değil miydi bilmiyorum fakat dünya işi bir teknoloji değildi sene olması lazım bir kaç yakınıma anlattım konu kapandı zaten sadece gördüm fotoğraf var elimde başka bir kanıt gördüğümü adım biliyorum,tarihci
ülkemizin teknoloji alanında geldiği ileri düzeye in oluşturduğu ekosistem platformun katkısı büyük onunla yeni bir teknoloji nesli geliyor fikirlerprojeler artık milyonlarla ifade ediliyor yolunuz açık olsun teknoloji tutkunu sevgili gençler,yazilimci
kadar veriyi inceleyecek teknoloji kuruyorlar merak ediyorum evet dinlenilmesine değil analizine taktım gerçekten insanlık çıldırmış,ogretmen
nüfus artmış olduğu içinbununla beraber okulhastanepostaneveterine vb kurumların artmış olması nedeniyle olabilir mi haa sen okulahastaneye görderme çocuğunu teknoloji hallet işlerini işe yararsa bizlerde öyle yaparız,yazilimci
dünya değişti mevsimler değişti teknoloji değiştiyıllar değişti sayılı kanunu değişmedi,avukat
dünya değişti mevsimler değişti teknoloji değiştiyıllar değişti sayılı kanunu değişmedi,avukat
bilinlendirilebilmek telenmek oyabilme ykek teknoloji arena nala mee epez kemikli i treme ancılık kentlemek,yazilimci
röportaj astor şarj i̇stasyonuna ulaştı şarj ağı hedefleri neler astor şarj istasyonunu açarak türkiyedeki elektrikli araç şarj ağını genişletiyor şirketin hedefle,yazilimci
teknoloji duruyor üstad,yazilimci
pazar oldu teknoloji raporu yayınlayacak bekliyoruz kız arkadaşının ağzına parmak atıyor herif yakışmadı,ogretmen
teknoloji yarışmaları başvurular başladı son başvuru şubat detaylı bilgi,yazilimci
genç kardeşim güzel fikirlerin özgün projelerinle gel teknoloji yarışmaları başvurular başladı son başvuru şubat detaylı bilgi,yazilimci
dünya değişti mevsimler değişti teknoloji değiştiyıllar değişti sayılı kanunu değişmedi sayın devlet büyüklerimiz çağa uygun kanun istiyoruz mesleki güvence istiyoruz,avukat
teknofest teknoloji yarışmaları başvuruları başladı,yazilimci
commodore gerçek fullhd hdmi stereo ses desteği sunan yeni kart duyuruldu,yazilimci
astrolojik olayları değişim dönüşüm astrolojik olayları gökyüzünde gerçekleşecek önemli gezegen geçişleri döng,psikolog
ocakta bizim psikoloji iptal,ogretmen
kral benim psikoloji baya bozulmuş protestoyu protestan okudum sabahtan beri protestanlar alaka diyorum,sporyorumcusu
ali koç gidene kadar kimse gelmesin hainlik yapmasın başkanı sezon başı kongre seçti ligin ilk yarısı maç esnasında takımı psikoloji olarak aşağı çekecek yavsaklar stada gelmesin bir dersi olan maç sonu çıksın dışarda bagirsin,sporyorumcusu
hayatın püf noktaları motivasyon kaynakları eğitim tavsiyeleri psikoloji üzerine değerli bilgiler sunuluyor başarı,psikolog
bitk denilen bjk yönetimler altında oynasın şampiyonluğu sonuna kadar kovalar onlara enteresan yerlerde enteresan kararlar çıktıen yakın gs maçı sanchez atılsa vurup dönseler lyon sonrası gs galibiyeti düşmezlerdi kadarfutbolpsikoloji yoksa beyi ayağa hükmetmez,sporyorumcusu
yarin psikoloji sinavimjz var odada herkes duygularindan bahsediyor dncjrjvnkdjf,ogretmen
watchliste aldım psikoloji bozan turden,avukat
fenerbahçe hatayspor hatayspor kendi beceriksizliği yüzünden golleri yedi yanlış anlaşılmasın fb nin başarısı yok göllerde talisca üzülüyorum acıyorum gelirse oyuncuda ruh mental psikoloji kalmaz puhahaha,sporyorumcusu
mutlu türküm diyene,diyetisyen
ulan futbolcular taraftar bitmiş psikoloji yerlerde sen konuşuyorsun pişkin adamsın yahuymişali k i̇stifa etmeden düzelmez gidişatlig psikolojik olarak bitti bitttttii bunu kafana sok,psikolog
profesyonel psikoloji egitimi almis olarak soyleyebilirim an kafama sikabilirim,sporyorumcusu
tribünlerde psikoloji olduğu sürece kadıköyde maç zor olacak tribünün psikolojisi sahaya sirayet ediyor futbolcu korkuyor kulağı tribünde kadıköy artık deplasman sayılır,sporyorumcusu
ben futbolcu olsam bende oynayamampsikoloji böyledirdüşünsenize karşınızda öyle bir rakip var skandal kararlarla eninde sonunda yıldır şampiyon yapılıyorsizin emek çöpsiz olsanız kendinizi yırtarmısınızben yırtmamgeçen sene fb puan aldı yine rakip önüne geçirildi,sporyorumcusu
hatta şunu diyeyim fb psikolojik eşiği kaybedene kadar puan kaybettirmezler zaman pskilojik olarak pes eder zaman rakibi puan kaybeder jesusla devam etmişti rakibi kaybetmedi derbide psikoloji yetmedi geçen sene baktılar olmuyor sivas maçı fişi çektiler,sporyorumcusu
psikoloji baraj istiyor yüzden yeni bölümler açılmasını desteklemiyoruz,ziraatmuhendisi
adamlarda bunca sene sonunda artık psikoloji miskoloji kalmadı normal,ogretmen
bide var yöntem belirli bir amaca ulaşmak izlenmesi gereken yol psikoloji hocamız ezberletmişti sağolsun,doktor
taraftar yönetim bağının kopması bitmesi üzerine artık oyuncuların psikoloji iyice dağıldı taraftar haklı olarak yönetimi protesto etmeye çalışıyor kaosta adamlar top oynamaya çalışıyor işin özü bitmişiz,sporyorumcusu
yav abisi gelmeyeceği kanaatine vardık gelmeyince senin psikoloji kalmayacak onu merak edeceğimiz kesin,psikolog
benim anlamadığım fener kazandı tribünde acayip bisey var ıslıkladılar galibiyetten sonra dhkshsjs bunların psikoloji komple vefat,sporyorumcusu
kardeşim boş yapma eşini sokakta döven adamı etkisiz hale getirdim ben burada bana film dizi izlemeyi azalt diyorsun adama hizlı bir sekilde ucan tekme atamiyacak misin adam ayık degil amk psikoloji nereden geliyor oradaki kadın nasil korkusuzca adami tuttu,yazilimci
arkadasim halukarda psikoloji pdrden yuksek sıralamayla alim yapiyor psikolojiye laf soyledigin an kendi bolumunu cok kucuk dusuruyorsun kdgfl,ekonomist
büyüksün galatasaray sezon başı mourınho gelirkenki havaya bak bir sımdıkı havaya denge psıkolojı sey bozulmus d,sporyorumcusu
birinin sizi anlaması doğru kelimeleri bulmaya çalışmayın bazen anlamayan sadece anlamak istemiyordur,psikolog
tesekkur ederim tekrar ozur dilerim valla tytyo yazdim direkt dalga gecmek ostememistim ingilizce psikoloji istiyorumseninnasil gecti,ogretmen
bir kere ben psikoloğa test uygularım dememişim aldığım dersi söylemişim sonrasında zaten bize gelenlere hasta değil danışan deriz olurda psikoloji mezunları formasyon alıp ags ye girip mebe atanmak isterlerse onlara söyle yalandan ders programı hazırlamasınlar,ogretmen
anasını skeyim koyu fenerliyim skimde olmaz şöyle olaylarda bulunmak bir dar alanda birbirine artistlik yapmak nedir psikoloji önemli çoookkkkkkk,psikolog
psikoloji umarım kazanırız,ekonomist
yakın arkadaşım psikoloji mezunu ona aynı şeyi diyorum başka alanlara yönel istemesen memurluklara başvuru yap atanamasaydom memurluklara başvuru yapardım ben,psikolog
bi minmer bide fener bana bir psikoloji borçlular,ogretmen
psikoloji bozuldu dengeler şaştı normal değiliz önceden böyle değildik şampiyonluk gelmeden düzelmemiz zor,ogretmen
yanlış sistem doğru adamı yer sadece ali koç seçim kararı açıklansa bile tadic isliklanmazdi psikoloji şeydir,ekonomist
yıllık kamu yararı statüsü bulunan psikolog derneğinin düştüğü hale bak psikoloji meslek yasası nedir bana anlatabilir mipsikoloji bir bilimdir psikolog bir meslekbilime meslek kanunu yapacaksınbu neyin kafası yazım hatası diyeceğimkalın kalın yazmış bir,psikolog
pdr kıymetli bir alan ancak psikoloji yazdığınızdan anlaşıldığı üzere bir alan değil küsür alt alanı olan bir bilimdir pdr esas itibariyle karşılığı okul psikolojisi olan önemli bir uzmanlik alanıdır,psikolog
dogru hissede kalabilen teknik analiz bilgisi olan hisse karlı olabilir bilmeyen fon istikrarlı azından bugün düştü yarın çıktı uğraşmaz sin duruma göre değişiklik yaparsın bende fonla başlayıp hisselere geçtim psikoloji tarafı zor hisselerde,sporyorumcusu
umarım psikoloji falan istiyosundue sıla,ekonomist
psikoloji der istenmeyen yerden gelen yardım bireyi kötü eder sizi istemeyenin yanında zorla durmayın,psikolog
volkan gördüğünü idrak edemiyormusun acil tedavi olman lazım göz psikoloji acilinden hemde,psikolog
bence reel hayat önemli canını sıkan ortamdan kişiden anında uzaklaş sadece sana iyi gelecek şeyler derslerin olsun hayatında mesela sevdiğin bir oyun varsa kalsın hayatında kısıtla bırakma iyi bir psikoloji önemli beni mezun yapan buydu,ogretmen
amma paraya tapanlar dünyaya tapanlar evlatlarına tapanlar şuna buna tapanlara ölüm zor gelir çoğu bir yakınını kaybettiğinde psikoloji ilaçları kullanmaya başlarlar kabul edemezler allaha teslim olamazlar,psikolog
yönetim fenerbahçenin haklarını savunamıyor fenerbahçe taraftarının performansı kötü staddaki psikoloji takıma inanılmaz zarar veriyor zaman protesto edeceklerini bile bilmiyorlar,sporyorumcusu
ahahaha eksi netle girildiği dillere destan olmuş bir psikoloji içindesiniz,ekonomist
keşke psikoloji okusaydım dedirttin bana,ekonomist
psikoloji pdr arasındaki fark nedir üniversitelerde iki ayrınalan var kadar puan farkı var gençler ilk tercihlere psikoloji yazarken yerleşememe ihtimallerine karşı pdr leri sonlara yazıyorlar,ogretmen
bıraksınki kurala uymayan belli,sporyorumcusu
bunların psikoloji bozulmuş harbiden,avukat
bir psikolojisosyoloji tez konusu olarak z kuşağının galatasaray milli takım futbolcusu barış alper yılmaza geliştirdiği takıntı arkadaşlar,sporyorumcusu
psikoloji sıfır,ogretmen
eylülden itibaren psikoloji dersinden sonra terapiye giden kız ben olucam,ogretmen
göz hareketleri yüz mimikleri vücut dili kötü psikolojisinin bozuk olduğu net acilen psikoloji tedavisi göremesi gerekiyor manyak görünüyor davranıyor,doktor
sallandıracan iki tanesini bak sonra ekonomi kötü derler mi bir büraniddin hoçam,ekonomist
ultra zengin varlıklarını devlet sayesınde ıkıye katladı orta sınıf yok oldu fakır donsuz dolasıyor sermaye zengınlıgı transfer etmek ıcın olmadık totolarından ekonomı programları uyguluyorlar bunlar türk milletini sevmedi,ekonomist
coca cola ürünlerine zam geliyor,ziraatmuhendisi
celal bayar önceden ekonomi bakanı başbakan olmasaydı adnan menderes kadar yükselemezdi evet öyle maalesef kimse müneccim değil sonuçta,ekonomist
hayvan olan dedim yarım kafalı apli şunu ye beynin açılır ülkede hukuk ekonomi eğitim yok at gözlüğünü çıkar,avukat
ceosu ai agentlar bir sonraki multi trilyon dolarlık sektöradventure gold token ekonomi önerisi olan agip oylamanın ocakta başlayacağını duyurdu teklif toplam arzın milyon adet artırılmasını öneriyor,yazilimci
siyasi parti liderlerinin içinde ekonomi eğitimi alan sayılı liderlerdensin şahidin var bilgin var cesaretin var başkan lütfen bunlara biraz ekonomi dersi ver ben ekonomistim diyenler ülkeye ağır bedeller ödetiyor ekonomistim demekle değil eğitimini almakla olduğunu anlatın,ekonomist
hak yolunda olanları hakkati ln zah edenleri gasp zapt etmek batılıların küresel düzenbazların ekonomi organizatörlerinin göze alamayacağı aksiyon yapamayacağı var mıdır hakkı tanımayanlar kendilerindenbatılılardan küreselci kravatlı,ekonomist
şahan gökbakar ülkemizde muhalefet olmadığı kötü ekonomi pahalılığın sorumlusu olan iktidar halka pahalılığı boykot önerisinde bulundu,ekonomist
çin ekonomi batıyor diyen büyük laf etmiş,ekonomist
ticaret bakanlığı iş dünyası suriyenin geleceğini şekillendirmek amacıyla önemli bir toplantıda bir araya geldi etkinlik ekonomik iş birlikleri kalkınma fırsatları üzerine odaklanarak bölgedeki istikrarı sağlamayı hedefliyor,ekonomist
tarım orman bakanlığı pestisit kalıntı limitlerini yeniledi,ziraatmuhendisi
müsi̇ad bursadan çözüm odaklı reçete,ziraatmuhendisi
ekonomi kötü bende katılayım bari aw,ekonomist
türkiye cumhuriyet merkez bankası tcmb başkanı dr fatih karahan ocak cuma günü eskişehirde para politikası makroekonomik görünüm toplantısı düzenleyecek,ekonomist
tek trde ekonomi bozulur sanıyorduk d,ekonomist
şahan gökbakar ülkemizde muhalefet olmadığı kötü ekonomi pahalılığın sorumlusu olan iktidar halka pahalılığı boykot önerisinde bulundu,ekonomist
i̇becim eski ekonomi bakanı dinle anlattı kere sen anlamadıysan anlayış bozukluğu psikolojik danışmanlık hizmeti al,avukat
coca cola ürünlerine zam geliyor,ziraatmuhendisi
derhal özür di̇leyi̇n ekonomi kanalında ekonominin futbolun düşürüldüğü çamuru savunup taraftarları galeyana getirmek görev almış birine yataklık etmek oluyor fbahçe taraftarının gücünü hafife alanları hi̇ç mi̇ hatirlamiyorsunuz,ogretmen
ekonomi düzelmezse olma ihtimalleri var sonra muhafazakrlar ağlamasın başlarına gelecekler,ekonomist
devir ekonomi devri buyu manifestle tekte halledelim,ekonomist
ekonomi kalkınmadan sorumlu genel başkan yardımcımız sayın bartu soral türk milletinin akaryakıta getirilen ötv zamları üzerinden soyulduğuna dair açıklamalarda bulundu,ziraatmuhendisi
kavşağın geç nisan ayı sonunda tamamlanmasının hedeflendiği ileri sürüldü,diyetisyen
devlet artık sorgudan para alacak aracılığıyla,avukat
türkakım üzerinden yılda milyar metreküp gaz taşındı,ziraatmuhendisi
ibanla para gönderenler dikkat eft ücretlerine enflasyon zammı geldi,ekonomist
arkadaş bizim ülkemizde şeyi ital edersen enflasyon düşmez biranda değer kazanmaz ülke olarak dışa bağlasın bizim ülke olarak önce ziraat sonra sanaiye önem vermemiz lazım bunları başaramazsan ekonomi düzelmez,ekonomist
sürücüler dikkat motorine zam geliyor,ziraatmuhendisi
sayın vekilim terörist başı meselesini halka sorsanız referanduma gidilmesi iyi olmaz i̇ktidarın suni gündemlerinle ülkenin asıl meselelerinden bir hayli uzaklaşıldı ekonomi geçim emekli çalışan memurun meseleleri su üstünde kaldı,doktor
kosgeb kobi̇lerin verimlilik dayanıklılık üretim pazar büyüklüğü kurumsal kapasitelerini arttırmaları şer milyon tl destek verecek,ziraatmuhendisi
birisi ekonomi okuduk dedi boş boş konuştuğu belli oldu,ekonomist
ün hasılat yapan filmleri belli oldu i̇şte liste,diyetisyen
ülkenin gündemi mülteci sorunu milli guvenlik ekonomi halkın geçim derdi adalet eğitim olması gerekirken şuan gündem kamera şakası,avukat
abdde tatil döneminde mobil alışverişin patlaması dikkat çekti çevrimiçi satışların yüzde artması tüketicilerin alışveriş alışkanlıklarındaki değişimi dijital platformların önemini gözler önüne seriyor,diyetisyen
ülke islamcıların elinde gayet normal kariyerini sikiyim ayrıca gören dünyanın liyakatlı ülkesi sanacak burayı yönettiği ekonomi orta aq vergilerle ayakta kalan kıçı kırık bir ekonomi,ekonomist
ortak olsa ev satın alın diyen mert başarandan dikkat çeken öneri mümkün olduğunca borç alın,yazilimci
firavun adaleti düşük emekli maaşı bin tl oldu,ziraatmuhendisi
bir zamanlar alım gücü bir vardı şimdi sadece hayatta kalma mücadelesi kaldı maaşlar fiyatlara yetişemiyor zamlar sabaha uyanmayı korkulu rüya yaptı ekonomi büyüyor dediler cebimiz küçüldü,sporyorumcusu
bir chpli olarak sayın özgür özelin bir an önce genel başkanlığı bırakmalı yada olağanüstü kurultay bıraktırılmalı bebek katilini dışarıya çıkarma girişimleri had safhada iken emekli asgari ücretli açlığın pençesinde iken ekonomi iflas etmiş iken bile partiyiz acı,ekonomist
seçimlerinde chpye milliyetçiliği temel esas olarak gördü demek körlük olur ancak baykal ecevitbahçelibabacanın toplamının ortalamasında bir milliyetçi zekaya sahipti ekonomisosyal düzenkurum eksenlerinde planlamaları açıktı fakat boş,tarihci
polonez işçilerinden zafer halayı gün sonra direnişleri sona erdi,avukat
vallahi koronada bin esnaf kredisi bize çıkmaz diyip ana avrat hükümete söven arkadaş para çıkınca gidip altın aldıbizi zaten batırıp bitirmişlerde ekonomi kira gıda kendi ahlaksızlığımıza kılıf arıyoruz,ekonomist
büyük değişim enerjisi var ekonomi seçim iktidar bir şekilde dönüşebilir kartlar sabırlı olun süreç sancılı güzel şeyler geliyor kulağımıza fısıldıyor zaman şeyin ilacı olacak,ekonomist
şahan gökbakar ülkemizde muhalefet olmadığı kötü ekonomi pahalılığın sorumlusu olan iktidar halka pahalılığı boykot önerisinde bulundu,ekonomist
kimse adaylığı kazanmak yeterli oy almadı,avukat
ak partinin halk gözünde değerini yitirmesinin büyük nedenleri yolsuzluklar yanlış ekonomi politikaları ekonomiyi çökertip faturasını halka yüklemeleri israfın dibine vurmalarıtopluma örnek olamamalarıgörgüsüzlükşatafatkibiriki yüzlülük ahlaksızlık,ekonomist
müsiad bursadan geleceğe rehberlik eden ekonomi raporu,ekonomist
gıdada anlamsız zamlar son bulmalı,ogretmen
eskişehirde esnaf vatandaş kan ağlıyor,avukat
x bir hizmetle ilgili geri bildirimler genellikle pahalı olunca çözüm olarak psikoloji bilimini konuşturmuşlar önce şişirilmiş ücret söyleniyor fiyata mecburen razı olan bünyeye sonra indirimli fiyat söyleniyor böylece müşteride,ekonomist
uyku maddesi ilgincime gitti ilacı bayağı merak ettim şimdiye kadar kullandığım hiçbir psikoloji ilacı farklı ilaç alarm saatinde uyanmamı sağlamadı,doktor
sevgili yalaka trol ekonomi sadece para işi değil aynı zamanda psikoloji işidir bunu bilmeyen ekonomiden bahsetmesin sana tersini anlatayım japonyanın enflasyonu var enflasyona ihtiyacı var ancak halkı hala enflasyon olduğuna inanmıyor harcamaları artıyor,ekonomist
astropsikoloji venüs balık geçişine psikolojik astroloji perspektifinden baktığımızda sevgilinin idealize edildiğini görürüz freud bunu ideal benlik in yansıtılması olarak açıklamıştır birey üstün gördüğü özellik değerleri sevdiğine yansıtıp özelliklerin onda,avukat
pozitif psikoloji istismara uğrayan kişiye maruz kaldığı kötülükten ayrışmayı öğretiyor bununla kötülüğün etkilerini karşıya bırakmayı kötünün kurduğu köprüleri yıkmayı sağlıyor,doktor
felsefe tasavvuf tarih psikoloji tiyatro,tarihci
guzel got zaman ondedir psikoloji duzelir bi sekilde np,ogretmen
kolay vazgeçme,yazilimci
şimdi sizinle ilginç bir kıyaslama paylaşacağım psikoloji alanındaki terapi beceri eğitimlerini yurtdışından online olarak hatta doğrudan akredite olacak şekilde alabileceğiniz linkler ekleyeceğim buraya i̇lk olarak gottman çift terapisi düzey eğitimi trde,psikolog
markaların bizim temin ettiği son ugc videonun tanes işimize yaramadı influencerlar kendi anlatımı tarzı olarak ifade ettiği videolardaki anlatımı pazarlama içeriyor psikoloji kendilerine yönlendirme metin verince bana işimizi mi öğretiynuz,tarihci
şimdi size bir önericem geleneksel tıp psikoloji teorilerinde özellikle islam tıbbında yunan tıbbında humoral patoloji demevi safravi balgami sovdavi mizaçlar bulunuyor mizaçlar insan vücudundaki dört temel sıvının kan sarı safra balgam kara safra,doktor
klinik psikoloji masterı yapmadıysan dünyada ruh sağlığı çalışanı sayılmıyorsun hatta ülkelerde doktora şartı var özel eğitim özel öğretim kurumları arasındaki farkı anlayamadığın eğitim alanı psikolojik danışmanlığın ilişkisini anlayamıyorsun,tarihci
psikoloji okuyan sarışın bıcır bir manita bulup yolumuza bakmak lazım hayat böyle çekilmiyor,avukat
değişik psikoloji,yazilimci
hareketlere psikoloji dayanmaz hocam i̇şimiz zor,ogretmen
psikoloji okurken sınavları klasik yapıp yorumlarınız bizim değerli diyen hocalarımız bize düşük not verip değersiz hissettiyor bunu hissettiren hocaların allah belasını versin,ogretmen
al sana psikolojimadem herşeyden hikmet çıkarmayı seviyor psikolojiye pek düşkünlük gösteriyorsunuz alın size hikmet,ogretmen
ben vakıf üniversitesinde milyon sıralamayla psikoloji okuyanlardan değilim ruh sağlığı alanıyla ilgili muhattabım bir eğitimci olmamalı olmayacak,sporyorumcusu
getti hocam psikoloji miskoloji kalmadı,ogretmen
ali babacanın düşünceleri psikoloji bozar onun yaptıklarıyla söyledikleri bir değil,avukat
kitaplarımı ye satıyorum i̇stanbul dayım psikoloji sınıfım yurdum beyazıt tarafında yeni bir işe başladım yol ücreti kullanmam gerekiyor param kalmadı birisini henüz okumadım bile asla yıpranma yok satabilmem rt yaparak destek olur musunuz,avukat
psikoloji ilgi duyduğum bir alandı keyifliydi okumak indirgemeci influencer pisikoloklardan öyle sıkıldım şeyin altı öyle boşaldıı itici bir alana dönüştü sosyal bilim olma niteliği yitti bunu böyle yapıyorsanız şöyledir diyor şöyle olabilir demiyor bak,psikolog
evliyim yalanını milyonlarca kişiye hitap ettiğinden sözde müslüman ülkede linç yememek adına söylemiş söylemese iyiymiş onunda hatalarından düşün bide psikoloji bölümüne başlayıp mezun bile olmadan psikoloğum zenginim siyerek tanıtıyorsun kendini yazık,yazilimci
çocuklara ölüm kavramını anlatmak gerekiyor psikolojik danışman eda kahraman şenyurt konu hakkında bilgilendiriyor,psikolog
eğlence mi milletin seks hayatı eğlence olabiliyor ilginç gerçekten üzerine psikoloji tezi yazılır konunun,psikolog
aynen öyle yazin abone olmayın yazın abone gelir bizim insanımız ters psikoloji manyağı,sporyorumcusu
ben hukuku seviyorum zorlansam hukuk seçmeseydim düşünmedim düşünseydim başka alternatifimin olduğunu düşünmüyorum sözel işliyor kafam sayısalda yapamazdım psikoloji vs bana uymazdı,avukat
klinik psikoloji yüksek lisansı yapan var peki yok,doktor
psikoloji bozar,ogretmen
aralar psikoloji olarak iyi değiller şaşırdılar iyice,ogretmen
psikoloji insan ruhunun dilidir,psikolog
psikoloji satranç dans bilim kitap mühendislik sayayım aşko sen çevreni biraz değiştir istersen,yazilimci
önce yolda kendi kendime konuşabilmek telefonla konuşuyormuş yaptımbenim psikoloji nanayyy,ogretmen
sanatpsikolojifelsefebilimedebiyatsanatgüvercin ticareti saymamı ister misin,avukat
dakikalık video izliyor adam tek bir yorum yapmıyor sadece galatasaray diyor gerçekten bambaşka bir psikoloji sorarsan adalet istiyorlar kodumun fenerbahçesi,sporyorumcusu
körün hesabı borsanın götüne dokunan borsaya göt diyor kuyruğuna dokunan borsa kuyruktur diyor hortumuna dokunan borsa hortumdur diyor,tarihci
valla burayı kapamama kaldı gerçekten psikoloji kalmadı,ogretmen
sapıklık cinsiyet değil psikoloji alakalı bir konu ayıpladığımız herşeyi bir cinsiyete hayvana muhalefete falan yükleyip kurtulma çabası,yazilimci
demek sizde psikoloji meslektaşımızın suçlarına göz yumma sonuçta aynı meslegi yapıyoruz deyip türlü rüşvet suçuna göz yummak bir hainlik vatandaş bir suçunda dayak işkenceyi yapıp meslektaş olunca görmez den gelmek devlete millete ihanettir kahpeliktir net,doktor
i̇nşallah sağlık ataması hakkında bir gelişme olur yorulduk atanma olacak beklemekten psikoloji kalmadı,avukat
grok bizi tanıyormuş psikolojik bakış psikoloji insan davranışları üzerine derinlemesine düşünceler sunuyor psikolojik konulara olan ilginiz özellikle jungun paradokslarına dikkat çeken yaklaşımınız alanlarda geniş bir bilgiye sahip olduğunuzu gösteriyor,psikolog
grok bizi tanıyormuş psikolojik bakış psikoloji insan davranışları üzerine derinlemesine düşünceler sunuyor psikolojik konulara olan ilginiz özellikle jungun paradokslarına dikkat çeken yaklaşımınız alanlarda geniş bir bilgiye sahip olduğunuzu gösteriyor,psikolog
tarım işi ordan gözüküyor bilmiyorum tahmin edilenden zor getirisi zorlukta bir işe göre yüksek dükkan işletmek taş psikoloji ister dükkanı hafta boyunca gün açıp kapıdan bir kişi bile girmediği zaman içeri doğru sıçmaya,ziraatmuhendisi
benim psikoloji yerlerde,tarihci
nasılsa orada değeri bilinmeyen sey bir gün yok olur,ogretmen
mutsuzluk kadınların yüzünü susuz kalmış çiçekler önce sonra doldurur nihayetinde kurutur kalk yeri̇ne yat şermi̇n yaşar şermin yaşar etkisinden çıkamıyorum belkide psikoloji sevdiğim içindir,ziraatmuhendisi
paranı kaybettiğinde hiçbir yitirmemiş olursun sağlığını kaybettiğinde bir şeyler yitirmiş olursun ancak karakterini kaybettiğinde şeyini yirirmiş sayılırsın,doktor
çalıkuşu kitabından defalarca altı çizilecek bir cümle bana hak etmediğim şekilde davranan herkesle kafamda vedalaşıp bir bana ulaşamayacakları yerlerde bıraktım,tarihci
zeki demirkubuz psikoloji dans ediyor,ogretmen
hafif yukarı çıkınca hepiniz boğa dersiniz bir saldırıda komplonun ağa babasını yazarsınız amk bir psikoloji yapmışlar oğlum sizlere,doktor
