Tweet_ID,Tweet,Author_ID,Created_At,Search_Term
1875966997160177715,"Ev elektroniğinde teknoloji sınıra dayandı; dokunmatik ekranlı TV'ler işe yaramayacak, bu nedenle insanların teknoloji ile buluşmasını sağlayacak yeni alanlar icat etmeleri gerekiyor.",1719601729912668160,2025-01-05 18:06:00+00:00,
1875966950809243689,@Sadk1533 Ya teknoloji acayip bisey oldu,1695894590731997184,2025-01-05 18:05:49+00:00,
1875966829933596924,"AI tabanlı yeni bir yalan dedektörü, mikro yüz hareketlerini ve ses tonundaki değişiklikleri analiz ederek yüzde 95 doğruluk oranına ulaştı. Bu teknoloji, hukuk sisteminde yalan tespiti için etik tartışmaları da beraberinde getirdi.",1826977982163947520,2025-01-05 18:05:20+00:00,
1875966696894374092,"Fikirler Hazırsa Başlıyoruz… 😎🚀 
 
#TEKNOFEST 2025 Teknoloji Yarışmaları için başvurular BAŞLADI!  
 
5⃣1⃣ Ana Kategori,  
1⃣1⃣7⃣ Alt Kategori
 
🗓 Son Başvuru › 20 Şubat 2025 
👉 Detaylı Bilgi › https://t.co/EYrQhYMlW5

@Basaksehir_Mem @ahmetcoskun6134 @teknofest https://t.co/pwjF7vSsaH",1318209107829063682,2025-01-05 18:04:48+00:00,
1875966423522312311,@ElYabanni bizdeki teknoloji,1687814851807113216,2025-01-05 18:03:43+00:00,
1875966179485057237,Beyin aktivitelerini analiz ederek rüyaları anlamlandıran bir yapay zeka sistemi geliştirildi. Beyin taramaları ve AI algoritmaları kullanılarak bir kişinin rüyasında gördüğü nesneler ve olaylar görselleştirildi. Bu teknoloji bilinçaltını anlamada büyük bir adım olabilir.,1826977982163947520,2025-01-05 18:02:45+00:00,
1875965823103426783,"@fidani_amede_21 @mckinley_1776 Azalma derken ?
 1 milyar kişiden 800 milyona inse bile, yaptığı sanayi teknoloji yatırımları sayesinde süper güç olmaya devam eder.",1838564767520428036,2025-01-05 18:01:20+00:00,
1875965637270639072,Harrison Ford'un o sahnelerde gençleştirilmesi genel olarak başarılı ama belirli sahnelerde çok sırıttı özellikle şapkalı olduğu yerlerde oyun karakteri gibiydi mimikleri ve yüzü. Bu kadar kullanılan bir teknoloji olmasına rağmen çok yolu var.,1366340990265655298,2025-01-05 18:00:36+00:00,
1875965575324967001,"Meta ve Google, yapay zeka modellerine sadece birkaç ses kaydıyla yeni bir dili öğrenmeyi öğrettiler. Bu teknoloji, örneğin Avustralya Aborjin dilleri gibi yok olmaya yüz tutmuş dillerin korunmasını sağlayabilir.",1826977982163947520,2025-01-05 18:00:21+00:00,
1875965558837174709,"@erdinc_ba @anaokulmuhendsi Daha fazla ama onlar teknoloji ve yenilikler ve branşlasmayla bu durumu kapatıyorlar , inşallah günün birinde 1 hastaya 5 hemşire oranına yükseliriz . Şu an tam tersi .",1658512938364284930,2025-01-05 18:00:17+00:00,
1875965330939343170,"Vestel Şarj İstasyonlarında Yeni Bir Dönem: Plug&amp;Charge Nasıl Çalışıyor?

https://t.co/FJy5bSsygd

Vestel Mobilite, elektrikli araç şarj deneyimini kolaylaştıran Plug&amp;Charge özelliğini tanıttı. Kart veya...",1830493511331774464,2025-01-05 17:59:23+00:00,
1875965150152519858,@drozcanyucel Aşı falan değil. Kapitalizmin geldiği son nokta budur. Gıda sağlıksız hava sağlıksız teknoloji zararlı hava kirli şehirler stres yüklü. Siz sadece aşıyı görmek istemişsiniz.,91962084,2025-01-05 17:58:40+00:00,
1875965026168954971,@ww3mediaa Hayırdır olum. Bunlarla teknoloji falan paylaşmayın,1467330345984999424,2025-01-05 17:58:10+00:00,
1875964603055870402,@ErkanBagis0 Apple genel olarak son 2 yıldır androidin gerisinde kaldı takip ettiğim birçok teknoloji editörü Android'e geçiş yaptı geneli s24 ultraya geçti yapay zeka olarak da işlemci olarakda geride kaldı istersen bir düşün samsung uzun yıllar güncelleme garantisi veriyor,1761389994940198912,2025-01-05 17:56:29+00:00,
1875964247328567392,"@denizinbuzgibi @alidenizcakir Liyakat demez misiniz hep? Bir tarafta doktoralı, kıdemli ve başarılı bir devlet adamı, diğer tarafta laz müteahhit var. Bir tarfta itü, mit mezunu dev bir teknoloji şirketi kuran selçuk, diğer tarafta kıbrıstan dümenle yatay geçiş yapıp İÜ’ni bitiren ekrem var.",1635561155857981441,2025-01-05 17:55:04+00:00,
1875964082236645654,"Teknoloji devi Samsung, sandığımız kadar masum değil (!) Teknoloji aletlerinin yanı sıra savaş araçları da üretmektedir. https://t.co/KDP27xmAPA",1600201449429925898,2025-01-05 17:54:25+00:00,
1875963889772630178,"Teknoloji devi Samsung, sandığımız kadar masum değil (!) Teknoloji aletlerinin yanı sıra savaş araçları da üretmektedir. https://t.co/QYv6pEgUDm",1600201449429925898,2025-01-05 17:53:39+00:00,
1875963855643594794,"Teknoloji ilerledi…

#premiumyorum #1 https://t.co/lw0PGQj9IG",1695894590731997184,2025-01-05 17:53:31+00:00,
1875963770104905740,Uçuşlarda Starlink dönemi: Yüksek hızlı internet testleri başlıyor https://t.co/KhIsnduRrI,1725080516074840064,2025-01-05 17:53:11+00:00,
1875963539904737682,"Fransa'daki Louvre , Peru'daki Machu Picchu , Giza'daki Büyük Piramit ve Kamboçya'daki Angkor Wat gibi yapıların bu düzeyde ""teknoloji"" ile inşa edildiği varsayılıyor.

Yüzlerce ton ağırlığındaki taşları baş döndürücü yüksekliklere kaldırırken mükemmel simetri, imkânsız derecede",561377186,2025-01-05 17:52:16+00:00,
1875963537530691731,"Dünya Değişti, Mevsimler Değişti, Teknoloji Değişti,..Yıllar Değişti 3269 Sayılı Kanunu Değişmedi.
@alitilkici38
#UzmanÇavuş
#UzmanÇavuşaHak https://t.co/RewX8yK4KG",1825013273659387904,2025-01-05 17:52:15+00:00,
1875963342264869088,@hrrcnes Nerde hocam daha göremedik. Agi dediğimiz şey şuanki tıbbı modern fiziği değiştirebilecek yeteneğe sahip insan zekasında bi botun bütün bilgilere unutmadan erişebilmesini ve üstünde analiz yapmasını sağlayıp yeni atılımlar yapmasını sağlayacak bir teknoloji henüz yok ++,1310675187105497089,2025-01-05 17:51:29+00:00,
1875963131639525619,"ABD'li teknoloji ve savunma şirketi ZenaTech, Türkiye'de İHA üretmek için fabrika kurmaya hazırlanıyor.
#ABD #fedfaiz #altın",920590863612362752,2025-01-05 17:50:38+00:00,
1875963005370073289,"""Fenerbahçe - Hatayspor"" başarılar dileriz.
Aptera 2025 Güneş Enerjili Elektrikli Araçlarını Sergileyecek.
#teknoloji #techforum #teknolojihaber #bugün #elektrikliaraba #elektrikliaraç #güneşenerjiliaraba

DEVAMI: https://t.co/Wb7IV1ke26 https://t.co/F3z8knf6K4",1858906694249484288,2025-01-05 17:50:08+00:00,
1875962949455753300,"@alitilkici38 Dünya Değişti, Mevsimler Değişti, Teknoloji Değişti,..Yıllar Değişti 3269 Sayılı  #UzmanÇavuş  Kanunu Değişmedi Sayın Devlet Büyüklerimiz, çağa uygun kanun istiyoruz, mesleki güvence istiyoruz. @alitilkici38
 #UzmanÇavuş
#UzmanÇavuşaHak e",1862487740966707200,2025-01-05 17:49:55+00:00,
1875962905214267617,"Dünya Değişti, Mevsimler Değişti, Teknoloji Değişti,..Yıllar Değişti 3269 Sayılı  #UzmanÇavuş  Kanunu Değişmedi Sayın Devlet Büyüklerimiz, çağa uygun kanun istiyoruz, mesleki güvence istiyoruz. @alitilkici38
 #UzmanÇavuş
#UzmanÇavuşaHak c https://t.co/8Ro9TQ6vgx",1862487740966707200,2025-01-05 17:49:44+00:00,
1875962881147388056,"@alitilkici38 Dünya Değişti, Mevsimler Değişti, Teknoloji Değişti,..Yıllar Değişti 3269 Sayılı  #UzmanÇavuş  Kanunu Değişmedi Sayın Devlet Büyüklerimiz, çağa uygun kanun istiyoruz, mesleki güvence istiyoruz. @alitilkici38
 #UzmanÇavuş
#UzmanÇavuşaHak",1862487740966707200,2025-01-05 17:49:39+00:00,
1875962817968579003,@FinchLawan59702 @FinchLawan59702 ileri teknoloji irozlu bztrebilme,1872190059232845824,2025-01-05 17:49:24+00:00,
1875962782044287193,"@Maviturkk NE iLK NEDE SONDAKiKA
Uzaylilar yakut yeşili lazer Işınlı yumurtalar şeklinde sıçıyorlarmış , onlardan enerji ve teknoloji üretilecek - AJANS",795694531492671491,2025-01-05 17:49:15+00:00,
1875962597771784678,"NVIDIA RTX 5090, CES 2025’te Tanıtılmadan Önce Tüm Özellikleriyle Ortaya Çıktı https://t.co/FdsNdfNndx",1652395925338218496,2025-01-05 17:48:31+00:00,
1875962576926110070,@Haber Ürünü geliştirirken kullandığınız teknoloji nedir ? - Adobe After Effect 🐢,1577774777196052480,2025-01-05 17:48:26+00:00,
1875962526464082297,"Şöyle bir şirket hayal ediyorum:
- Çok büyük olmayacak, piyasa değeri 500m$ altı olsun.
- Önünde 2 kat 3 kat büyüme imkanları olsun.
- Ölmez bir sektörde olsun, yüksek teknoloji olmasa da olur, ilerde Çin falan pazarı işgal edip boğmasın.
- Çevre ülkelerde iş yapma, yayılma… https://t.co/2E47GkXkOD https://t.co/XC9vtV6A5S",227975513,2025-01-05 17:48:14+00:00,
1875962504637280551,@Yusuf__Tekin Bilim ve teknoloji çağında Kimya öğretmenleri mağdur.Yıllardır atanamıyoruz.4 haneli rakamlar bizde görmek istiyoruz. 🌟🔬🧪👩‍🔬 @_cevdetyilmaz @Yusuf__Tekin @memetsimsek @cftcblnt @tcmeb @RTErdogan https://t.co/kU6ZjItHoO,336648473,2025-01-05 17:48:09+00:00,
1875962357555319002,"ABD, Guam’ın kritik altyapısını hedef alan bir hack kampanyasını ortaya çıkardı.

Daha fazla bilgi için: https://t.co/sj6xcq2N7L https://t.co/9hSK0e11gQ",1645356448275210240,2025-01-05 17:47:34+00:00,
1875962308591255944,"@prnses00 @Bitcoin68753720 Ben de Balıkesir Edremit'te gördüm, artık ufo muydu değil miydi bilmiyorum fakat dünya işi bir teknoloji değildi. Sene 2001 olması lazım. Bir kaç yakınıma anlattım. Konu kapandı. Zaten sadece gördüm, ne fotoğraf var elimde ne başka bir kanıt. Ama gördüğümü adım gibi biliyorum",554487158,2025-01-05 17:47:22+00:00,
1875962286017552672,"Ülkemizin teknoloji alanında geldiği ileri düzeye #TEKNOFEST in oluşturduğu ekosistem ve platformun katkısı büyük, onunla yeni bir teknoloji nesli geliyor aslında, fikirler-projeler artık milyonlarla ifade ediliyor, yolunuz açık olsun teknoloji tutkunu Sevgili Gençler… https://t.co/MgIfNjjsZp",586332745,2025-01-05 17:47:17+00:00,
1875962022724243553,"@Selcoin O kadar veriyi nasıl inceleyecek teknoloji kuruyorlar çok merak ediyorum.

Evet dinlenilmesine değil analizine taktım. Gerçekten insanlık çıldırmış",1801942951897018368,2025-01-05 17:46:14+00:00,
1875961885096559002,"@ArielBurakKapln Nüfus artmış olduğu için,bununla beraber okul,hastane,postane,veterine vb. kurumların artmış olması nedeniyle olabilir mi ? Haa sen okula,hastaneye görderme çocuğunu teknoloji ile hallet işlerini ,işe yararsa bizlerde öyle yaparız",621863779,2025-01-05 17:45:41+00:00,
1875961672055337011,"@alitilkici38 @tcsavunma @TC_icisleri Dünya Değişti, Mevsimler Değişti, Teknoloji Değişti,..Yıllar Değişti 3269 Sayılı Kanunu Değişmedi.
@alitilkici38
#UzmanÇavuş
#UzmanÇavuşaHak",1530430474304245762,2025-01-05 17:44:50+00:00,
1875961651062825438,"Dünya Değişti, Mevsimler Değişti, Teknoloji Değişti,..Yıllar Değişti 3269 Sayılı Kanunu Değişmedi.
@alitilkici38
#UzmanÇavuş
#UzmanÇavuşaHak https://t.co/0oNkA4nFXl",1530430474304245762,2025-01-05 17:44:45+00:00,
1875961513728729249,@KerryRuiz66759 @KerryRuiz66759 bilinlendirilebilmek telenmek oyabilme ykek teknoloji arena nala mee epez kemikli i treme ancılık kentlemek,1872196271340916736,2025-01-05 17:44:13+00:00,
1875960704911474713,"Röportaj Astor Şarj 200. İstasyonuna Ulaştı: Şarj Ağı Hedefleri Neler?

https://t.co/ZPhWYbKwY0

Astor Şarj, 200. istasyonunu açarak Türkiye'deki elektrikli araç şarj ağını genişletiyor. Şirketin hedefle...",1830493511331774464,2025-01-05 17:41:00+00:00,
1875960679817261067,@borsasinan Teknoloji nasıl duruyor üstad,1491847859213373447,2025-01-05 17:40:54+00:00,
1875960254997180724,"@maksibet2024 Pazar oldu. Teknoloji raporu yayınlayacak diye bekliyoruz, kız arkadaşının ağzına parmak atıyor herif. Yakışmadı @yusuftechtalks",1113778026330972160,2025-01-05 17:39:13+00:00,
1875960125246108103,"@Selcuk #TEKNOFEST 2025 Teknoloji Yarışmaları için başvurular başladı!

🗓️ Son Başvuru › 20 Şubat'25 
🌐 Detaylı Bilgi › https://t.co/AWriIxymGd",841999864288444418,2025-01-05 17:38:42+00:00,
1875959922720186517,"Genç kardeşim; güzel fikirlerin ve özgün projelerinle gel! 🚀

#TEKNOFEST 2025 Teknoloji Yarışmaları için başvurular başladı!

🗓️ Son Başvuru › 20 Şubat'25 
🌐 Detaylı Bilgi › https://t.co/im5kDckm0G https://t.co/Dxg1gucimp",2271763025,2025-01-05 17:37:53+00:00,
1875959850775298355,"Dünya Değişti, Mevsimler Değişti, Teknoloji Değişti,..Yıllar Değişti 3269 Sayılı  #UzmanÇavuş  Kanunu Değişmedi Sayın Devlet Büyüklerimiz, çağa uygun kanun istiyoruz, mesleki güvence istiyoruz. @alitilkici38
 #UzmanÇavuş
#UzmanÇavuşaHak",385004498,2025-01-05 17:37:36+00:00,
1875959680771772452,TEKNOFEST 2025 Teknoloji Yarışmaları Başvuruları Başladı!https://t.co/OOdQWfnz3l https://t.co/8HZSdaOAja,1684150955745452032,2025-01-05 17:36:56+00:00,
1875959653642703251,"(""Commodore 64 için Gerçek Full-HD HDMI ve Stereo Ses Desteği Sunan Yeni Kart Duyuruldu!"") https://t.co/5y8m8kCyXE #Teknoloji #Haber https://t.co/TSJpaTy3fY",1849507791100100608,2025-01-05 17:36:49+00:00,
1875959594117169568,"2025 Astrolojik Olayları: Değişim ve Dönüşüm

2025 astrolojik olayları, gökyüzünde gerçekleşecek önemli gezegen geçişleri ve döng...

https://t.co/ArY6BvGTzG

#Teknoloji #2025astrolojikolayları #astrolojikdöngüler https://t.co/p0QamjTzwN",1865550154436079616,2025-01-05 17:36:35+00:00,
1875970824844575149,17 ocakta bizim psikoloji iptal https://t.co/xJ3Pw4nFds,1657849840569667584,2025-01-05 18:21:13+00:00,
1875970716161679511,@muslim_phr Kral benim psikoloji baya bozulmuş protestoyu Protestan diye okudum. Sabahtan beri Protestanlar ne alaka diyorum.,1402394349011361795,2025-01-05 18:20:47+00:00,
1875970704874917985,@Fener10line Ali Koç gidene kadar kimse gelmesin hainlik yapmasın bu başkanı sezon başı kongre seçti ve daha ligin ilk yarısı maç esnasında takımı psikoloji olarak. Aşağı çekecek yavsaklar stada gelmesin bir dersi olan maç sonu çıksın dışarda bagirsin,782297574,2025-01-05 18:20:44+00:00,
1875970579062304903,"Hayatın püf noktaları, motivasyon kaynakları, eğitim tavsiyeleri ve psikoloji üzerine değerli bilgiler sunuluyor. #bilgi # başarı #hayat

📽️ https://t.co/V2X42wKPFt https://t.co/AfHICh17as",1720043410805919744,2025-01-05 18:20:14+00:00,
1875970418827473407,"Bitk denilen Bjk şu yönetimler altında oynasın şampiyonluğu sonuna kadar kovalar, onlara da enteresan yerlerde enteresan kararlar çıktı..En yakın Gs maçı Sanchez atılsa vurup dönseler Lyon sonrası Gs galibiyeti düşmezlerdi bu kadar..Futbol=psikoloji, o yoksa beyi ayağa hükmetmez",91890286,2025-01-05 18:19:36+00:00,
1875970274262397301,yarin psikoloji sinavimjz var odada herkes duygularindan bahsediyor dncjrjvnkdjf,1310241680247926787,2025-01-05 18:19:01+00:00,
1875969718835937294,@rajkenrol watchliste aldım bu da mı psikoloji bozan turden 😣😣,1673822429032902659,2025-01-05 18:16:49+00:00,
1875969689693921316,"#FBvHAT Fenerbahçe - Hatayspor

Hatayspor kendi beceriksizliği yüzünden golleri yedi yanlış anlaşılmasın fb nin başarısı yok göllerde

talisca ya üzülüyorum acıyorum gelirse oyuncuda ruh mental psikoloji kalmaz

Puhahaha 😂 https://t.co/kXoL812831",2617905622,2025-01-05 18:16:42+00:00,
1875969264651497586,"Ne Mutlu Türk'üm Diyene🇹🇷
#HB #Kitap #Roman #Resim #Sanat #Edebiyat #Türkçe
#İslam #İslamiyet #Müslüman
#Felsefe #Sosyoloji #Psikoloji #Psikiyatr #Psikiyatrist #Din #Bira #TürkEdebiyatı #Türk #Atatürk #Aşk #Gazete #Akit #YeniAkit #Tarikat #Cemaat  #Gazeteci #TürkDünyası #Türkiye https://t.co/XZ1byhlX4t",1832167837734957056,2025-01-05 18:15:01+00:00,
1875968762274517146,@ahmetercanIar Ulan futbolcular ve taraftar bitmiş psikoloji yerlerde sen ne konuşuyorsun https://t.co/BHnuE4Q1vR pişkin adamsın yahu.6-7ymiş.Ali K. İstifa etmeden düzelmez bu gidişat.Lig psikolojik olarak bitti bitttttii bunu o kafana sok.,1568489042819387392,2025-01-05 18:13:01+00:00,
1875968545747865710,Profesyonel psikoloji egitimi almis biri olarak soyleyebilirim ki her an kafama sikabilirim,1342420556562509826,2025-01-05 18:12:09+00:00,
1875968152447938640,"#FBvHTY
Tribünlerde bu psikoloji olduğu sürece
Kadıköyde her maç
çok zor olacak.
Tribünün psikolojisi sahaya da sirayet ediyor.
Futbolcu korkuyor..
kulağı hep tribünde.
Kadıköy artık
deplasman sayılır !!!",3220665749,2025-01-05 18:10:36+00:00,
1875967969542725925,@SportsCubuklu Ben futbolcu olsam bende oynayamam.Psikoloji böyledir.Düşünsenize karşınızda öyle bir rakip var ki skandal kararlarla eninde sonunda 2 yıldır şampiyon yapılıyor.Sizin emek çöp.Siz olsanız kendinizi yırtarmısınız?Ben yırtmam?Geçen sene fb 99 puan aldı yine rakip önüne geçirildi.,1469650692428251142,2025-01-05 18:09:52+00:00,
1875967469745283515,@hozer200 @Fenerbahce Hatta şunu diyeyim fb psikolojik eşiği kaybedene kadar puan kaybettirmezler ne zaman pskilojik olarak pes eder o zaman rakibi de puan kaybeder. Jesusla devam etmişti rakibi hiç kaybetmedi derbide o psikoloji yetmedi. geçen sene baktılar olmuyor Sivas maçı ile fişi çektiler,1824557297886003201,2025-01-05 18:07:53+00:00,
1875967335129043307,@TonyPsycSoprano @Kubracilginn Psikoloji baraj istiyor bu yüzden ve yeni bölümler açılmasını desteklemiyoruz,1259502790919020545,2025-01-05 18:07:21+00:00,
1875967301075554652,@GsGazete adamlarda bunca sene sonunda artık psikoloji miskoloji kalmadı çok normal 😂😂😂,1147057039685935105,2025-01-05 18:07:13+00:00,
1875967241231175781,"@mdnkocx Bide şey var. Yöntem : Belirli bir amaca ulaşmak için izlenmesi gereken yol.
Psikoloji hocamız ezberletmişti sağolsun :)",225404076,2025-01-05 18:06:58+00:00,
1875967163020026180,@Fenerbahce Taraftar yönetim bağının kopması bitmesi üzerine artık Oyuncuların da psikoloji iyice dağıldı çünkü taraftar haklı olarak yönetimi protesto etmeye çalışıyor bu kaosta adamlar top oynamaya çalışıyor.. yani işin özü biz bitmişiz,2894923925,2025-01-05 18:06:40+00:00,
1875966987442196631,@LunCZ3 Yav abisi biz gelmeyeceği kanaatine vardık. Ama gelmeyince senin psikoloji kalmayacak onu merak edeceğimiz kesin,1683216824425390080,2025-01-05 18:05:58+00:00,
1875966939492930002,@tugician Ya benim anlamadığım fener kazandı ama tribünde acayip bisey var ıslıkladılar galibiyetten sonra dhkshsjs bunların psikoloji komple vefat,2831692503,2025-01-05 18:05:46+00:00,
1875966879111717309,@efemelihba82238 @Durancan190342 @bpthaber Ya kardeşim boş yapma eşini sokakta döven adamı etkisiz hale getirdim ben burada bana film dizi izlemeyi azalt diyorsun o adama hizlı bir sekilde ucan tekme atamiyacak misin adam ayık degil amk bu psikoloji nereden geliyor oradaki kadın nasil korkusuzca adami tuttu,1562759345288654848,2025-01-05 18:05:32+00:00,
1875966707959054389,@TonyPsycSoprano @Kubracilginn arkadasim her halukarda psikoloji pdrden daha yuksek sıralamayla alim yapiyor psikolojiye laf soyledigin her an kendi bolumunu daha cok kucuk dusuruyorsun kdgfl,1734645571644706816,2025-01-05 18:04:51+00:00,
1875966366941061307,@1907medya__ ne büyüksün galatasaray. sezon başı mourınho gelirkenki havaya bak bir de sımdıkı havaya. denge psıkolojı her sey bozulmus :D,1439672164341489669,2025-01-05 18:03:30+00:00,
1875965490868166891,"""Birinin sizi anlaması için doğru kelimeleri bulmaya çalışmayın.
Bazen anlamayan sadece anlamak istemiyordur.""
#İletişim #Psikoloji #İlişkiler",225725540,2025-01-05 18:00:01+00:00,
1875965238014861503,@mhtsmtuleyman Tesekkur ederim tekrar ozur dilerim valla tytyo yazdim direkt dalga gecmek ostememistim ingilizce psikoloji istiyorum🩷🩷🩷🩷🩷seninnasil gecti,1500492363763957769,2025-01-05 17:59:01+00:00,
1875964666834571603,@fzt_ftr123 Bir kere ben psikoloğa test uygularım dememişim aldığım dersi söylemişim. Sonrasında biz zaten bize gelenlere hasta değil danışan deriz ve olurda psikoloji mezunları formasyon alıp ya da ags ye girip mebe atanmak isterlerse onlara da söyle yalandan ders programı hazırlamasınlar https://t.co/CwOePgRMW4,3082320471,2025-01-05 17:56:44+00:00,
1875964243302117476,@Darkwebhaber Anasını skeyim koyu fenerliyim ama skimde olmaz şöyle olaylarda bulunmak. Bir de dar alanda birbirine artistlik yapmak nedir ya.. Psikoloji çok önemli çoookkkkkkk,1306332114728648705,2025-01-05 17:55:03+00:00,
1875963706972180624,"@joonslore Psikoloji, umarım kazanırız ya 🙏🏻🙏🏻",1471201843279712257,2025-01-05 17:52:56+00:00,
1875963320907567583,@Moirax99 En yakın arkadaşım da psikoloji mezunu. Ona da aynı şeyi diyorum ‘ Başka alanlara yönel istemesen de. Memurluklara başvuru yap.’ Atanamasaydom memurluklara başvuru yapardım ben de,1693559146220531712,2025-01-05 17:51:24+00:00,
1875963022352711918,@ilos_ml bi minmer bide fener bana bir psikoloji borçlular 🥹,1370435324967587841,2025-01-05 17:50:12+00:00,
1875962822196441551,"@baristumok @Fenerbahce Psikoloji bozuldu, dengeler şaştı. Normal değiliz. Biz önceden böyle değildik. Şampiyonluk gelmeden düzelmemiz çok zor.",1644809812641824768,2025-01-05 17:49:25+00:00,
1875962665484579149,@CENK_DURUK Yanlış sistem doğru adamı da yer. Sadece ali koç seçim kararı açıklansa bile tadic isliklanmazdi. Psikoloji her şeydir,3152151287,2025-01-05 17:48:47+00:00,
1875962660648571093,"40 yıllık kamu yararı statüsü bulunan Psikolog Derneğinin düştüğü hale bak ""Psikoloji meslek yasası"" nedir bana biri anlatabilir mi.Psikoloji bir bilimdir, psikolog ise bir meslek.Bilime meslek kanunu mu yapacaksın,bu neyin kafası? Yazım hatası diyeceğim,kalın kalın yazmış bir de https://t.co/7wbG6oo72J",621180191,2025-01-05 17:48:46+00:00,
1875961776824860976,"@TonyPsycSoprano @Kubracilginn PDR kıymetli bir alan ancak psikoloji yazdığınızdan anlaşıldığı üzere bir alan değil, 50 küsür alt alanı olan bir bilimdir. PDR de esas itibariyle karşılığı okul psikolojisi olan önemli bir uzmanlik alanıdır.",1449106378748989445,2025-01-05 17:45:15+00:00,
1875961291736744005,@TemelAnalizer Dogru hissede kalabilen teknik analiz bilgisi olan için hisse daha karlı olabilir ama bilmeyen için fon daha istikrarlı en azından bugün düştü yarın çıktı ile uğraşmaz sin duruma göre değişiklik yaparsın bende fonla başlayıp hisselere geçtim ama psikoloji tarafı zor hisselerde,3247372510,2025-01-05 17:43:20+00:00,
1875961075449180299,@atavratmiyavvw @silalalass Umarım psikoloji falan istiyosundue sıla,1437863626493288450,2025-01-05 17:42:28+00:00,
1875960603925422247,"Psikoloji der ki; istenmeyen yerden gelen yardım, bireyi daha kötü eder. Sizi istemeyenin yanında zorla durmayın.",1851063151518687232,2025-01-05 17:40:36+00:00,
1875960476598984850,@_vlknylmz Volkan gördüğünü idrak edemiyormusun acil tedavi olman lazım göz + psikoloji acilinden hemde,1734171753125969920,2025-01-05 17:40:05+00:00,
1875960025598054716,@rewierss bence reel hayat daha önemli canını sıkan her ortamdan ve her kişiden anında uzaklaş sadece sana iyi gelecek şeyler ve derslerin olsun hayatında mesela sevdiğin bir oyun varsa kalsın hayatında kısıtla ama bırakma iyi bir psikoloji her şey daha önemli beni mezun yapan buydu,1545479553816137731,2025-01-05 17:38:18+00:00,
1875958491451666676,"amma paraya tapanlar
dünyaya tapanlar
evlatlarına tapanlar
şuna buna tapanlara
ölüm zor gelir
ve çoğu da bir yakınını kaybettiğinde
psikoloji ilaçları kullanmaya başlarlar
çünkü kabul edemezler
çünkü Allah'a Teslim olamazlar.",1034917542,2025-01-05 17:32:12+00:00,
1875958150974861663,"Yönetim Fenerbahçe'nin haklarını savunamıyor ama Fenerbahçe taraftarının performansı daha da kötü! Staddaki bu psikoloji takıma inanılmaz zarar veriyor. Nerede, ne zaman ve nasıl protesto edeceklerini bile bilmiyorlar! https://t.co/yzUuFnchNO",1757938706894254080,2025-01-05 17:30:51+00:00,
1875958083031306257,"@kararverme24571 @Kubracilginn Ahahaha eksi netle girildiği dillere destan olmuş, nasıl bir psikoloji içindesiniz acaba",1861867118653841408,2025-01-05 17:30:35+00:00,
1875958066379989065,@ciernovs keşke psikoloji okusaydım dedirttin bana.,1855633596507140096,2025-01-05 17:30:31+00:00,
1875956881644294254,@s_avsaroglu @turkpdrdernegi @turkpdrtopluluk Psikoloji ve pdr arasındaki fark nedir? Üniversitelerde neden iki ayrınalan var ve neden bu kadar puan farkı var? Neden gençler ilk tercihlere psikoloji yazarken yerleşememe ihtimallerine karşı pdr leri sonlara yazıyorlar?,1722521201552027648,2025-01-05 17:25:48+00:00,
1875956093500956698,@gerceklerfark @iyi_psikoloji Niye bıraksınki kurala uymayan belli.,1531281287247429633,2025-01-05 17:22:40+00:00,
1875955906107879647,@Alkolikyorumlar Bunların psikoloji bozulmuş harbiden,1135828369562656768,2025-01-05 17:21:56+00:00,
1875955811622756681,Bir psikoloji/sosyoloji tez konusu olarak Z kuşağının Galatasaray ve milli takım futbolcusu Barış Alper Yılmaz'a geliştirdiği takıntı arkadaşlar 🌷,2623707130,2025-01-05 17:21:33+00:00,
1875954905183330660,"Psikoloji sıfır

#CihAl https://t.co/jd4245luJo",1868095066910203904,2025-01-05 17:17:57+00:00,
1875954636349428097,eylülden itibaren psikoloji dersinden sonra terapiye giden o kız ben olucam,1175460856357896195,2025-01-05 17:16:53+00:00,
1875954585262772226,"@cantongo Göz hareketleri, yüz mimikleri, vücut dili, çok kötü. Psikolojisinin bozuk olduğu çok net. Acilen psikoloji tedavisi göremesi gerekiyor. Manyak gibi görünüyor ve davranıyor.",1025959995815481344,2025-01-05 17:16:41+00:00,
1876635320952975721,@ReyisAsigi Sallandıracan iki tanesini bak sonra ekonomi kötü derler mi bir daha Büraniddin hoçam.,1687484682,2025-01-07 14:21:41+00:00,ekonomi
1876635166728466743,@Darkwebhaber Ultra zengin varlıklarını devlet sayesınde ıkıye katladı orta sınıf yok oldu fakır donsuz dolasıyor !  Sermaye ve zengınlıgı transfer etmek ıcın olmadık totolarından ekonomı programları uyguluyorlar! Bunlar türk milletini hiç sevmedi!!!,1062548570,2025-01-07 14:21:04+00:00,ekonomi
1876635104010809582,Coca Cola ürünlerine zam geliyor! https://t.co/pmtdRYa0mn,1548956772362326016,2025-01-07 14:20:49+00:00,ekonomi
1876635077289128348,"@Gassarayft1905 @zindemiyiz celal bayar önceden ekonomi bakanı veya başbakan olmasaydı adnan menderes de o kadar yükselemezdi
ama evet öyle maalesef
kimse müneccim değil sonuçta",2463537926,2025-01-07 14:20:43+00:00,ekonomi
1876635067059224646,"@Tugrul53R @Darkwebhaber 🐑 hayvan olan dedim, yarım kafalı a*pli. Şunu ye beynin açılır. Ülkede hukuk, ekonomi, eğitim yok at gözlüğünü çıkar. https://t.co/AWzr554hbs",1487481031179612164,2025-01-07 14:20:40+00:00,ekonomi
1876635019680072048,"#Nvidia CEO'su: ''AI Agent'lar bir sonraki multi trilyon dolarlık sektör''Adventure Gold (#AGLD) token ekonomi önerisi olan AGIP-9 için oylamanın 15 Ocak’ta başlayacağını duyurdu.

•Teklif toplam arzın 15,5 milyon adet artırılmasını öneriyor.
#bofa #bıst #bist #bist100 #tahta… https://t.co/G04LS3nBtw",732294580071202817,2025-01-07 14:20:29+00:00,ekonomi
1876634690146500732,"@ahmetyilmazmtp Siyasi parti liderlerinin içinde ekonomi eğitimi alan sayılı liderlerdensin şahidin var bilgin var cesaretin var başkan lütfen bunlara biraz ekonomi dersi ver 
Ben ekonomistim diyenler ülkeye ağır bedeller ödetiyor 
Ekonomistim demekle değil eğitimini almakla olduğunu anlatın .",1638950914210902016,2025-01-07 14:19:10+00:00,ekonomi
1876634688250315042,"Hak yolunda olanları, hakîkati îlân ve îzah edenleri; gasp ve zapt etmek için, batıl(ı)ların, küresel düzenbazların ve ekonomi organizatörlerinin göze al(a)mayacağı aksiyon ve yapamayacağı şey var mıdır? Hakk’ı tanımayanlar ve kendilerinden(batıl(ı)lardan ve “küreselci kravatlı… https://t.co/J1leRcsY1E",944698247364403200,2025-01-07 14:19:10+00:00,ekonomi
1876634674774106536,"Şahan Gökbakar: 

Ülkemizde muhalefet olmadığı için kötü ekonomi ve pahalılığın sorumlusu olan iktidar, halka 'pahalılığı boykot' önerisinde bulundu. https://t.co/8BKhmQIP9I",2575334780,2025-01-07 14:19:07+00:00,ekonomi
1876634612824162743,@SireneOznur Çin ekonomi batıyor diyen biri için büyük laf etmiş..,931692446,2025-01-07 14:18:52+00:00,ekonomi
1876634581363024372,"Ticaret Bakanlığı ve iş dünyası, Suriye'nin geleceğini şekillendirmek amacıyla önemli bir toplantıda bir araya geldi. Bu etkinlik, ekonomik iş birlikleri ve kalkınma fırsatları üzerine odaklanarak bölgedeki istikrarı sağlamayı hedefliyor.
https://t.co/SYduQgubCE",1450618793764560904,2025-01-07 14:18:45+00:00,ekonomi
1876634520243359930,"Tarım ve Orman Bakanlığı, Pestisit Kalıntı Limitlerini Yeniledi

https://t.co/q1zyLmsWxr

#GıdaGüvenliği #TarımÜrünleri #GıdaDenetimi #PestisitKalıntı #TarımBakanlığı #İthalGıda #MaksimumKalıntıL https://t.co/sIeQOEPHCP",1857500281673576449,2025-01-07 14:18:30+00:00,ekonomi
1876634509363347599,"MÜSİAD Bursa’dan çözüm odaklı reçete
#bursa #bursahaber #müsiad #ekonomi 

https://t.co/L7I83K2edj",1327669396777611268,2025-01-07 14:18:27+00:00,ekonomi
1876634458675417452,@iscream_10 ekonomi çok kötü ya bende katılayım bari aw,1758896890857267200,2025-01-07 14:18:15+00:00,ekonomi
1876634423283905017,"Türkiye Cumhuriyet Merkez Bankası (TCMB)  Başkanı Dr. Fatih Karahan, 17 Ocak Cuma günü Eskişehir'de Para Politikası ve  Makroekonomik Görünüm Toplantısı düzenleyecek.

#ekonomi #tcmb #enflasyon",1875274415530803201,2025-01-07 14:18:07+00:00,ekonomi
1876634414559776785,@ekremerguder nasıl yani biz tek Trde ekonomi bozulur sanıyorduk :D,1490591263229370370,2025-01-07 14:18:05+00:00,ekonomi
1876634367214428584,"Şahan Gökbakar: ""Ülkemizde muhalefet olmadığı için kötü ekonomi ve pahalılığın sorumlusu olan iktidar, halka 'pahalılığı boykot' önerisinde bulundu."" https://t.co/mbiDifBHCM",2575334780,2025-01-07 14:17:53+00:00,ekonomi
1876634279255633925,@waeszy @Fettahoglu3421 @ekrem_imamoglu İb....ecim eski ekonomi bakanı dinle o anlattı 150 kere sen anlamadıysan anlayış bozukluğu için psikolojik danışmanlık hizmeti al,1866093211199975424,2025-01-07 14:17:33+00:00,ekonomi
1876634211592884268,"Coca Cola ürünlerine zam geliyor! 
https://t.co/HVp5Ta88Bj # #Ekonomi #",1659489426370691072,2025-01-07 14:17:16+00:00,ekonomi
1876634033003655488,"DERHAL ÖZÜR DİLEYİN!

Ekonomi kanalında;
Ekonominin ve futbolun DÜŞÜRÜLDÜĞÜ çamuru savunup, 
taraftarları galeyana getirmek için görev almış birine yataklık etmek NE OLUYOR?
 
F.Bahçe taraftarının gücünü hafife alanları 
HİÇ Mİ HATIRLAMIYORSUNUZ?
@BloombergHT @suheylaYS @drinancs",1478254548,2025-01-07 14:16:34+00:00,ekonomi
1876634018600345749,@dava__adami_ Ekonomi düzelmezse olma ihtimalleri var ama sonra muhafazaKÂRlar ağlamasın başlarına gelecekler için.,1759361005979623424,2025-01-07 14:16:30+00:00,ekonomi
1876633905693880606,@rarasfox devir ekonomi devri buyu manifestle tekte halledelim,1655163485309878274,2025-01-07 14:16:03+00:00,ekonomi
1876633871380623529,"Ekonomi ve Kalkınmadan Sorumlu Genel Başkan Yardımcımız Sayın Bartu Soral, Türk Milleti’nin akaryakıta getirilen ÖTV zamları üzerinden nasıl soyulduğuna dair açıklamalarda bulundu.

@umitozdag @BartuSoral https://t.co/tXD3bQ0IB3",1113930630096719872,2025-01-07 14:15:55+00:00,ekonomi
1876633841148076096,Kavşağın en geç nisan ayı sonunda tamamlanmasının hedeflendiği ileri sürüldü!! https://t.co/D9NZ77CKFX,1818156793383596033,2025-01-07 14:15:48+00:00,ekonomi
1876633739088027732,Devlet artık her sorgudan para alacak https://t.co/fPsxYDsRCq @halktvcomtr aracılığıyla,720343204,2025-01-07 14:15:24+00:00,ekonomi
1876633691704754228,"TürkAkım üzerinden 5 yılda 104,1 milyar metreküp gaz taşındı https://t.co/Psjanyp3WK",141232292,2025-01-07 14:15:12+00:00,ekonomi
1876633639179702624,IBAN’la para gönderenler dikkat! EFT ücretlerine enflasyon zammı geldi. https://t.co/TcHyBk0Stp,702978420,2025-01-07 14:15:00+00:00,ekonomi
1876633573865689585,"@kkkelae @EmreM0101 @clairdelunexq_s Arkadaş bizim ülkemizde her şeyi ital edersen enflasyon düşmez biranda hiç değer kazanmaz çünkü ülke olarak dışa bağlasın bizim ülke olarak önce ziraat sonra sanaiye önem vermemiz lazım  bunları başaramazsan ekonomi düzelmez
👍🙏✌️",1553363378608939008,2025-01-07 14:14:44+00:00,ekonomi
1876633560506892392,"Sürücüler dikkat! Motorine zam geliyor

https://t.co/8EwzLZ5ilD https://t.co/uJ2xrnYh6P",176583338,2025-01-07 14:14:41+00:00,ekonomi
1876633553137447388,@alimahir Sayın Vekilim şu terörist başı meselesini halka sorsanız yani referanduma gidilmesi daha iyi olmaz mı. İktidarın suni gündemlerinle ülkenin asıl meselelerinden bir hayli uzaklaşıldı. Ne ekonomi ne geçim ne emekli ne çalışan ne memurun meseleleri su üstünde kaldı.,1864868232227635200,2025-01-07 14:14:39+00:00,ekonomi
1876633536750600581,"KOSGEB, KOBİ’lerin verimlilik, dayanıklılık, üretim, pazar büyüklüğü ve kurumsal kapasitelerini arttırmaları için 20’şer milyon TL destek verecek

#ekonomi

https://t.co/KrlOkrTlPh https://t.co/SqayhyhWc4",238658160,2025-01-07 14:14:35+00:00,ekonomi
1876633522896851280,"@FiratKartOfc25 Birisi Ekonomi  okuduk dedi  ya ,boş  boş  konuştuğu  belli oldu",4545776896,2025-01-07 14:14:32+00:00,ekonomi
1876633388964012392,"🎬️ 2024'ün en çok hasılat yapan filmleri belli oldu! 

İşte o liste... https://t.co/njw1GCHkpl https://t.co/Mv8Bvysndu",120840897,2025-01-07 14:14:00+00:00,ekonomi
1876633166292873389,"Ülkenin gündemi

Mülteci Sorunu 
Milli Guvenlik 
Ekonomi 
Halkın geçim derdi
Adalet 
Eğitim 

Olması gerekirken 

Şuan ki gündem Kamera şakası gibi...",1455199408555970565,2025-01-07 14:13:07+00:00,ekonomi
1876633037016039735,"ABD'de tatil döneminde mobil alışverişin patlaması dikkat çekti! Çevrimiçi satışların yüzde 9 artması, tüketicilerin alışveriş alışkanlıklarındaki değişimi ve dijital platformların önemini gözler önüne seriyor.
https://t.co/y8xXk9eG03",1450618793764560904,2025-01-07 14:12:36+00:00,ekonomi
1876632961048838311,"@muratnebiayhan @clairdelunexq_s Ülke islamcıların elinde gayet normal 
Kariyerini sikiyim ayrıca gören de dünyanın en liyakatlı ülkesi sanacak burayı..
Yönettiği ekonomi de orta da aq 
Vergilerle ayakta kalan kıçı kırık bir ekonomi",1779194652672884736,2025-01-07 14:12:18+00:00,ekonomi
1876632682169528460,"""2-3 ortak da olsa ev satın alın"" diyen Mert Başaran'dan dikkat çeken öneri: Mümkün olduğunca borç alın

https://t.co/E1GrghWFlR",1685357031287320577,2025-01-07 14:11:12+00:00,ekonomi
1876632591497089420,"Firavun adaleti 

En düşük emekli maaşı 14 bin 469 TL oldu https://t.co/I3lgBzJBNX",1834496051874504704,2025-01-07 14:10:50+00:00,ekonomi
1876632590075166751,"""Bir zamanlar 'alım gücü' diye bir şey vardı ! Şimdi sadece 'hayatta kalma mücadelesi' kaldı. Maaşlar fiyatlara yetişemiyor, zamlar sabaha uyanmayı korkulu rüya yaptı. 'Ekonomi büyüyor' dediler, cebimiz küçüldü.",45692265,2025-01-07 14:10:50+00:00,ekonomi
1876632530180562974,"@DeliMavi737171 @yasminBJK391658 @eczozgurozel Bir CHP'li olarak Sayın Özgür Özel'in bir an önce genel başkanlığı bırakmalı yada olağanüstü kurultay ile bıraktırılmalı, bebek katilini dışarıya çıkarma girişimleri had safhada iken, emekli, asgari ücretli açlığın pençesinde iken, ekonomi iflas etmiş iken bile 2 partiyiz ne acı",767281384775905280,2025-01-07 14:10:35+00:00,ekonomi
1876632390686126488,"99’ seçimlerinde chpye milliyetçiliği temel esas olarak gördü demek körlük olur ancak baykal ecevit-bahçeli-babacanın toplamının ortalamasında bir milliyetçi zekaya sahipti, ekonomi-sosyal düzen-kurum eksenlerinde planlamaları açıktı fakat boş",1605330430017806379,2025-01-07 14:10:02+00:00,ekonomi
1876632380720513515,Polonez işçilerinden zafer halayı: 173 gün sonra direnişleri sona erdi https://t.co/MDFFlOayZN,982593980,2025-01-07 14:10:00+00:00,ekonomi
1876632372403429477,@_yavuzc Vallahi koronada 25bin esnaf kredisi bize çıkmaz diyip ana avrat hükümete söven arkadaş o para çıkınca gidip altın aldı.Bizi zaten batırıp bitirmişlerde biz ekonomi kira gıda diye kendi ahlaksızlığımıza kılıf arıyoruz.,1619064182862712833,2025-01-07 14:09:58+00:00,ekonomi
1876632339704320019,"Büyük değişim enerjisi var….
Ekonomi, seçim, iktidar… Hepsi bir şekilde dönüşebilir. Ama kartlar, “Sabırlı olun, bu süreç sancılı ama güzel şeyler geliyor” diye kulağımıza fısıldıyor. Zaman her şeyin ilacı olacak gibi…",1873349810063101952,2025-01-07 14:09:50+00:00,ekonomi
1876632334491066618,"Şahan Gökbakar: ""Ülkemizde muhalefet olmadığı için kötü ekonomi ve pahalılığın sorumlusu olan iktidar, halka 'pahalılığı boykot' önerisinde bulundu..."" https://t.co/K4cpHTjpYx",1672538254632157188,2025-01-07 14:09:49+00:00,ekonomi
1876632184385044654,🧟‍♀️ HIÇ KIMSE ADAYLıĞı KAZANMAK IÇIN YETERLI OY ALMADı. 😵  #ekonomi https://t.co/enanyoCj06,1866202339608002560,2025-01-07 14:09:13+00:00,ekonomi
1876632145248272757,"@ozguradamTurk Ak Parti'nin halk gözünde değerini yitirmesinin en büyük nedenleri; yolsuzluklar ve yanlış ekonomi politikaları ile ekonomiyi çökertip faturasını halka yüklemeleri ve israfın dibine vurmaları,topluma örnek olamamaları.Görgüsüzlük,şatafat,kibir,iki yüzlülük, ahlaksızlık...",1729887123455823872,2025-01-07 14:09:04+00:00,ekonomi
1876632096048844859,Müsiad Bursa’dan Geleceğe Rehberlik Eden Ekonomi Raporu.. https://t.co/QS32ZN5UeK,1548956772362326016,2025-01-07 14:08:52+00:00,ekonomi
1876632081910132922,Gıdada Anlamsız Zamlar Son Bulmalı.. https://t.co/Fxj2gI3T1l,1548956772362326016,2025-01-07 14:08:49+00:00,ekonomi
1876632048968097902,Eskişehir'de esnaf da vatandaş da kan ağlıyor https://t.co/SXhmEQsVXV https://t.co/muS6H2PsY1,294188682,2025-01-07 14:08:41+00:00,ekonomi
1876640008494583816,"X bir hizmetle ilgili geri bildirimler genellikle “çok pahalı” olunca, çözüm olarak psikoloji bilimini konuşturmuşlar. Önce şişirilmiş ücret söyleniyor, o fiyata mecburen razı olan bünyeye daha sonra indirimli fiyat söyleniyor. Böylece müşteride +",435609441,2025-01-07 14:40:18+00:00,psikoloji
1876639144920920381,"@jasminedragon2 uyku maddesi çok ilgincime gitti ilacı bayağı merak ettim, çünkü şimdiye kadar kullandığım hiçbir psikoloji ilacı (ki en az 6-7 farklı ilaç) alarm saatinde uyanmamı sağlamadı :/",1714287209887809536,2025-01-07 14:36:53+00:00,psikoloji
1876638986934071464,"@NejatOzonay Sevgili yalaka trol ekonomi sadece para işi değil aynı zamanda psikoloji işidir. Bunu bilmeyen ekonomiden bahsetmesin. Sana tersini anlatayım, Japonya'nın da enflasyonu var ve enflasyona ihtiyacı var. Ancak halkı hala enflasyon olduğuna inanmıyor .harcamaları artıyor",527841546,2025-01-07 14:36:15+00:00,psikoloji
1876638178808877465,"Astro/Psikoloji ✍🏻

Venüs Balık geçişine psikolojik astroloji perspektifinden baktığımızda sevgilinin idealize edildiğini görürüz. Freud bunu “ideal benlik” in yansıtılması olarak açıklamıştır. Birey, üstün gördüğü özellik ve değerleri sevdiğine yansıtıp bu özelliklerin onda… https://t.co/z8b2FN7uZO https://t.co/6WDFNcE7JD",756281954849460224,2025-01-07 14:33:02+00:00,psikoloji
1876638105832243552,"pozitif psikoloji, istismara uğrayan kişiye maruz kaldığı kötülükten ayrışmayı öğretiyor. bununla, kötülüğün etkilerini karşıya bırakmayı, kötünün kurduğu köprüleri yıkmayı sağlıyor.",948249698258903040,2025-01-07 14:32:45+00:00,psikoloji
1876637538703888803,"@glege18 Felsefe, tasavvuf, tarih, psikoloji ve tiyatro",1387730335409057795,2025-01-07 14:30:30+00:00,psikoloji
1876637370294125046,@Nazlimua guzel got her zaman 1-0 ondedir psikoloji duzelir bi sekilde np,782494124305940480,2025-01-07 14:29:49+00:00,psikoloji
1876635840581181566,"Kolay Vazgeçme
https://t.co/foDH9pfr9e
#shorts #motivasyon #psikoloji #algı #shortsviral",95181650,2025-01-07 14:23:45+00:00,psikoloji
1876634670743327204,"Şimdi sizinle  çok ilginç bir kıyaslama paylaşacağım. Psikoloji alanındaki terapi ve beceri eğitimlerini yurtdışından online olarak hatta doğrudan akredite olacak şekilde alabileceğiniz bazı linkler ekleyeceğim buraya. 
İlk olarak; 
Gottman Çift Terapisi 1. Düzey Eğitimi

TR’de… https://t.co/LqyBa6xA8P",2512012591,2025-01-07 14:19:06+00:00,psikoloji
1876634613268824493,Markaların bizim için temin ettiği Son 50 UGC videonun 10+ tanes işimize yaramadı çünkü influencerlar kendi anlatımı ve tarzı olarak ifade ettiği videolardaki anlatımı ne pazarlama içeriyor ne de psikoloji. Kendilerine yönlendirme veya metin verince de bana işimizi mi öğretiynuz?,1497914266359324672,2025-01-07 14:18:52+00:00,psikoloji
1876634272939016358,"şimdi size bir şey önericem. geleneksel tıp ve psikoloji teorilerinde, özellikle de islam tıbbında ve yunan tıbbında (Humoral Patoloji) demevi, safravi, balgami ve sovdavi mizaçlar bulunuyor. bu mizaçlar, insan vücudundaki dört temel sıvının (kan, sarı safra, balgam, kara safra)+",1772270661529964546,2025-01-07 14:17:31+00:00,psikoloji
1876633352490631334,"Klinik psikoloji masterı yapmadıysan dünyada ruh sağlığı çalışanı sayılmıyorsun. Hatta bazı ülkelerde doktora şartı var.

Özel eğitim ile özel öğretim kurumları arasındaki farkı anlayamadığın gibi eğitim alanı ile psikolojik danışmanlığın ilişkisini de anlayamıyorsun. https://t.co/xWHKi28cHi",1822774211422904320,2025-01-07 14:13:52+00:00,psikoloji
1876632792638832901,Psikoloji okuyan sarışın bıcır bir manita bulup yolumuza bakmak lazım hayat böyle çekilmiyor,1745765928707440640,2025-01-07 14:11:38+00:00,psikoloji
1876632715459748290,@gercek_antalya Değişik psikoloji,1854517557493178368,2025-01-07 14:11:20+00:00,psikoloji
1876630979000856605,@caddeborsa Bu hareketlere psikoloji dayanmaz hocam. İşimiz zor,1746212380437073920,2025-01-07 14:04:26+00:00,psikoloji
1876630630278090934,Psikoloji okurken sınavları klasik yapıp yorumlarınız bizim için çok değerli diyen hocalarımız bize düşük not verip değersiz hissettiyor bunu hissettiren hocaların allah belasını versin,1636312061184471042,2025-01-07 14:03:03+00:00,psikoloji
1876629815383703789,Al sana psikoloji.Madem herşeyden hikmet çıkarmayı seviyor ve psikolojiye pek düşkünlük gösteriyorsunuz alın size hikmet,1098249600,2025-01-07 13:59:48+00:00,psikoloji
1876628936953610656,"Ben vakıf üniversitesinde 1 milyon sıralamayla psikoloji okuyanlardan değilim. Ruh “sağlığı” alanıyla ilgili muhattabım da bir “eğitimci” olmamalı, olmayacak. https://t.co/wuJFdB9Pt9",1699070644577869824,2025-01-07 13:56:19+00:00,psikoloji
1876628415845183740,@sismikveri Getti hocam psikoloji miskoloji kalmadı 😂😂,412125219,2025-01-07 13:54:15+00:00,psikoloji
1876627636849713510,Ali Babacanın düşünceleri psikoloji bozar çünkü onun yaptıklarıyla söyledikleri bir değil.,1873993828471873536,2025-01-07 13:51:09+00:00,psikoloji
1876627546730594455,"Tüm kitaplarımı
2000₺ ye satıyorum.
İstanbul dayım.
Psikoloji 3. Sınıfım.
Yurdum Beyazıt tarafında.
Yeni bir işe başladım.
Yol ücreti için kullanmam gerekiyor hiç param kalmadı.
Hiç birisini henüz okumadım bile asla yıpranma yok.
Satabilmem için rt yaparak destek olur musunuz? https://t.co/2VGHu8VEn8",1876622587033427968,2025-01-07 13:50:47+00:00,psikoloji
1876627488157159738,"Psikoloji ilgi duyduğum bir alandı, keyifliydi yani okumak.
Bu indirgemeci influencer pisikoloklardan öyle sıkıldım, her şeyin altı öyle boşaldıı ki itici bir alana dönüştü. Sosyal bilim olma niteliği yitti.
Bunu böyle yapıyorsanız şöyledir diyor, şöyle olabilir demiyor bak.",1494379755159887876,2025-01-07 13:50:33+00:00,psikoloji
1876626786639073353,@callmeRowenaa Evliyim yalanını da milyonlarca kişiye hitap ettiğinden bu sözde “Müslüman” ülkede linç yememek adına söylemiş. Söylemese iyiymiş ama onunda hatalarından biri bu. Düşün bide psikoloji bölümüne başlayıp mezun bile olmadan psikoloğum ve zenginim siyerek tanıtıyorsun kendini. Yazık!,1348235479725056001,2025-01-07 13:47:46+00:00,psikoloji
1876626553523859932,"Çocuklara ölüm kavramını nasıl anlatmak gerekiyor?  Psikolojik Danışman Eda Kahraman Şenyurt konu hakkında bilgilendiriyor.

#psikoloji #psikolojikbilgiler #pdr #sakaryapsikoloji #sakaryapsikolog #psikolog #psikolojikdestek #çocukpsikolojisi #çocukgelişimi #çocukpsikoloğu https://t.co/mLMdnsdXJB",1460350091399729161,2025-01-07 13:46:51+00:00,psikoloji
1876625372198142151,@BasalanSenel @cankaya73961733 @metropolmedya_ Bu eğlence mi milletin seks hayatı nasıl eğlence olabiliyor ilginç gerçekten üzerine psikoloji tezi yazılır bu konunun,3226867683,2025-01-07 13:42:09+00:00,psikoloji
1876624845691379729,@Ferhatarslandr Aynen öyle yazin abone olmayın yazın daha çok abone gelir. Bizim insanımız ters psikoloji manyağı,1335500562138353666,2025-01-07 13:40:03+00:00,psikoloji
1876624254298718298,"@iamgoingback505 Ben hukuku seviyorum zorlansam da, hiç hukuk seçmeseydim diye düşünmedim. ama düşünseydim başka alternatifimin de olduğunu düşünmüyorum. sözel işliyor kafam sayısalda yapamazdım, psikoloji vs. de bana uymazdı.",1777180049642250240,2025-01-07 13:37:42+00:00,psikoloji
1876622963241537648,"klinik psikoloji yüksek lisansı yapan var mı peki, o da mı yok",1018264244423446528,2025-01-07 13:32:35+00:00,psikoloji
1876622315221659667,Psikoloji bozar.. https://t.co/Pu9oOszuHO,1520445745693966337,2025-01-07 13:30:00+00:00,psikoloji
1876621255375548769,@Skmpk1 Bu aralar psikoloji olarak iyi değiller şaşırdılar iyice 😂,1390382776831070212,2025-01-07 13:25:47+00:00,psikoloji
1876620577731236351,"Psikoloji, insan ruhunun dilidir.",1874499252854124544,2025-01-07 13:23:06+00:00,psikoloji
1876619934308196821,"@ajans_muhbir Psikoloji, satranç, dans, bilim, kitap, mühendislik
Daha sayayım mı aşko? Sen çevreni biraz değiştir istersen.",1325818421053972481,2025-01-07 13:20:32+00:00,psikoloji
1876619243867033993,Az önce yolda kendi kendime konuşabilmek için telefonla konuşuyormuş gibi yaptım.benim psikoloji nanayyy,781207312421810176,2025-01-07 13:17:48+00:00,psikoloji
1876619101566595147,"sanat,psikoloji,felsefe,bilim,edebiyat,sanat,güvercin ticareti... daha saymamı ister misin :)) https://t.co/j2U2lloN7Y",1583826515749478400,2025-01-07 13:17:14+00:00,psikoloji
1876618850348741033,@volkanicko @Kosa_1905 @crystalship1907 2 dakikalık video izliyor adam tek bir yorum yapmıyor ve sadece Galatasaray diyor. Bu gerçekten bambaşka bir psikoloji. Sorarsan adalet istiyorlar kodumun Fenerbahçesi,1623740110465294338,2025-01-07 13:16:14+00:00,psikoloji
1876618701904252975,"Körün hesabı..
Borsanın götüne dokunan borsaya göt diyor..
Kuyruğuna dokunan borsa kuyruktur diyor..
Hortumuna dokunan borsa hortumdur diyor...
#takas #teknik #temel  #psikoloji #Riskyönetimi",796773564410187776,2025-01-07 13:15:39+00:00,psikoloji
1876618459619930486,"Valla burayı kapamama az kaldı gerçekten , psikoloji kalmadı https://t.co/8OaEUvbrma",1817848144916250624,2025-01-07 13:14:41+00:00,psikoloji
1876618187900600546,"Sapıklık cinsiyet değil psikoloji ile alakalı bir konu. 
Neden, ayıpladığımız herşeyi bir cinsiyete, hayvana, muhalefete falan yükleyip kurtulma çabası?? https://t.co/JAJAO3l2z7",1763878947953967104,2025-01-07 13:13:36+00:00,psikoloji
1876616875259666553,@pscfrkn1 @Devran680 Demek sizde ki psikoloji meslektaşımızın suçlarına göz yumma sonuçta aynı meslegi yapıyoruz deyip her türlü rüşvet suçuna göz yummak bu nasıl bir hainlik vatandaş bir suçunda dayak işkenceyi yapıp ama meslektaş olunca görmez den gelmek devlete millete ihanettir ve kahpeliktir net,1838461101610086400,2025-01-07 13:08:23+00:00,psikoloji
1876616553401040977,@tayfn_ky İnşallah sağlık ataması hakkında bir gelişme olur yorulduk atanma olacak mı diye beklemekten psikoloji kalmadı,1547287376686419971,2025-01-07 13:07:06+00:00,psikoloji
1876615908820468195,"Grok bizi nasıl tanıyormuş:

“ Psikolojik Bakış, psikoloji ve insan davranışları üzerine derinlemesine düşünceler sunuyor. Psikolojik konulara olan ilginiz ve özellikle Jung'un paradokslarına dikkat çeken yaklaşımınız, bu alanlarda geniş bir bilgiye sahip olduğunuzu gösteriyor.… https://t.co/NZYhhEtblK",1012164072215900160,2025-01-07 13:04:33+00:00,psikoloji
1876615806231970196,"Grok bizi nasıl tanıyormuş:

“ Psikolojik Bakış, psikoloji ve insan davranışları üzerine derinlemesine düşünceler sunuyor. Psikolojik konulara olan ilginiz ve özellikle Jung'un paradokslarına dikkat çeken yaklaşımınız, bu alanlarda geniş bir bilgiye sahip olduğunuzu gösteriyor.… https://t.co/RBMU4m8D80",1012164072215900160,2025-01-07 13:04:08+00:00,psikoloji
1876615595300475141,@manyeticmelon @CortiLorti Tarım işi ordan nasıl gözüküyor bilmiyorum ama tahmin edilenden çok daha zor ama getirisi o zorlukta bir çok işe göre çok daha yüksek. Dükkan işletmek ise taş gibi psikoloji ister o dükkanı 2 hafta boyunca her gün açıp kapıdan bir kişi bile girmediği zaman içeri doğru sıçmaya… https://t.co/O3vbU6o2pC,419084520,2025-01-07 13:03:18+00:00,psikoloji
1876615567093956841,@Hilal32424 Benim psikoloji yerlerde...,1751271600077373440,2025-01-07 13:03:11+00:00,psikoloji
1876614963340403150,"Nasılsa hep orada diye
değeri bilinmeyen her sey, 
bir gün yok olur.
#Felsefe #Edebiyat #Psikoloji
#pdr #nlp https://t.co/HoLqdJ1PWj",120076978,2025-01-07 13:00:47+00:00,psikoloji
1876614863079747687,"…
Mutsuzluk kadınların yüzünü susuz kalmış çiçekler gibi önce eğer, sonra doldurur,
 nihayetinde kurutur...!""🥀

KALK YERİNE YAT📚
ŞERMİN YAŞAR✍️

Şermin Yaşar etkisinden çıkamıyorum...! 
Belkide psikoloji sevdiğim
 içindir🖤☕🚬🚬 https://t.co/aNBV1H2SjQ",1651180215379394561,2025-01-07 13:00:23+00:00,psikoloji
1876610802737942709,"Paranı kaybettiğinde, hiçbir şey yitirmemiş olursun. 
Sağlığını kaybettiğinde, bir şeyler yitirmiş olursun. 
Ancak karakterini kaybettiğinde, her şeyini yirirmiş sayılırsın.

#psikoloji #psikolog #psikoterapi #karakter #insan #psktogrul",1824472182107648000,2025-01-07 12:44:15+00:00,psikoloji
1876610540480692656,"Çalıkuşu kitabından defalarca altı çizilecek bir cümle: 
""Bana hak etmediğim şekilde davranan herkesle kafamda vedalaşıp bir daha bana ulaşamayacakları yerlerde bıraktım.""
.
.
.
#psikoloji #psikolog #Psicologia",1668773142209200130,2025-01-07 12:43:13+00:00,psikoloji
1876609637710991674,Zeki Demirkubuz psikoloji ile dans ediyor.,1129393233124102144,2025-01-07 12:39:38+00:00,psikoloji
1876609488922259631,@BariBehram Hafif yukarı çıkınca hepiniz boğa dersiniz az bir saldırıda komplonun ağa babasını yazarsınız amk nasıl bir psikoloji yapmışlar oğlum sizlere 🤣🤣,1710652127058538496,2025-01-07 12:39:02+00:00,psikoloji
